Start Date,End Date,Building Code,Consumption
2015-01-01,2015-01-31,ARC,81298.78
2015-02-01,2015-02-28,ARC,72985.69
2015-03-01,2015-03-31,ARC,83238.98
2015-04-01,2015-04-30,ARC,78865.16
2015-05-01,2015-05-31,ARC,80273.51
2015-06-01,2015-06-30,ARC,96167.5
2015-07-01,2015-07-31,ARC,96054.73
2015-08-01,2015-08-31,ARC,112750.36
2015-09-01,2015-09-30,ARC,95190.89
2015-10-01,2015-10-31,ARC,97020.08
2015-11-01,2015-11-30,ARC,82047
2015-12-01,2015-12-31,ARC,85746
2016-01-01,2016-01-31,ARC,73503.4
2016-02-01,2016-02-29,ARC,77427.27
2016-03-01,2016-03-31,ARC,75162.97
2016-04-01,2016-04-30,ARC,78364.21
2016-05-01,2016-05-31,ARC,79037.82
2016-06-01,2016-06-30,ARC,94080.24
2016-07-01,2016-07-31,ARC,102559.06
2016-08-01,2016-08-31,ARC,120927.34
2016-09-01,2016-09-30,ARC,115425.32
2016-10-01,2016-10-31,ARC,96775.81
2016-11-01,2016-11-30,ARC,85044.71
2016-12-01,2016-12-31,ARC,78021.15
2017-01-01,2017-01-31,ARC,73075.45
2017-02-01,2017-02-28,ARC,78191.01
2017-03-01,2017-03-31,ARC,69724.53
2017-04-01,2017-04-30,ARC,80155.39
2017-05-01,2017-05-31,ARC,78682.62
2017-06-01,2017-06-30,ARC,83100.27
2017-07-01,2017-07-31,ARC,97475.57
2017-08-01,2017-08-31,ARC,104142.74
2017-09-01,2017-09-30,ARC,88712.08
2017-10-01,2017-10-31,ARC,95263.93
2017-11-01,2017-11-30,ARC,90666.03
2017-12-01,2017-12-31,ARC,79709.66
2018-01-01,2018-01-31,ARC,77557.74
2018-02-01,2018-02-28,ARC,78160.43
2018-03-01,2018-03-31,ARC,68916.83
2018-04-01,2018-04-30,ARC,72343.67
2018-05-01,2018-05-31,ARC,72343.67
2018-06-01,2018-06-30,ARC,89664.88
2018-07-01,2018-07-31,ARC,99595.58
2018-08-01,2018-08-31,ARC,132880.77
2018-09-01,2018-09-30,ARC,125208.62
2018-10-01,2018-10-31,ARC,111502.94
2018-11-01,2018-11-30,ARC,95590.98
2018-12-01,2018-12-31,ARC,82340.87
2019-01-01,2019-01-31,ARC,80609.21
2019-02-01,2019-02-28,ARC,76822.73
2019-03-01,2019-03-31,ARC,83008.59
2019-04-01,2019-04-30,ARC,83365.31
2019-05-01,2019-05-31,ARC,90819.1
2019-06-01,2019-06-30,ARC,107984.52
2019-07-01,2019-07-31,ARC,142203.13
2019-08-01,2019-08-31,ARC,107708.13
2019-09-01,2019-09-30,ARC,92123.5
2019-10-01,2019-10-31,ARC,75859.45
2019-11-01,2019-11-30,ARC,81002.9
2019-12-01,2019-12-31,ARC,78309.56
2020-01-01,2020-01-31,ARC,78917.26
2020-02-01,2020-02-29,ARC,65208.33
2020-03-01,2020-03-31,ARC,60440.91
2020-04-01,2020-04-30,ARC,36470.07
2020-05-01,2020-05-31,ARC,37731.35
2020-06-01,2020-06-30,ARC,56426.89
2020-07-01,2020-07-31,ARC,90521.61
2020-08-01,2020-08-31,ARC,80940.81
2020-09-01,2020-09-30,ARC,57925.1
2020-10-01,2020-10-31,ARC,50031.69
2020-11-01,2020-11-30,ARC,50464.23
2020-12-01,2020-12-31,ARC,48316.87
2021-01-01,2021-01-31,ARC,50381.13
2021-02-01,2021-02-28,ARC,48599.84
2021-03-01,2021-03-31,ARC,57179.96
2021-04-01,2021-04-30,ARC,59285.51
2021-05-01,2021-05-31,ARC,68191.51
2021-06-01,2021-06-30,ARC,79445.22
2021-07-01,2021-07-31,ARC,80354.12
2021-08-01,2021-08-31,ARC,89260.95
2021-09-01,2021-09-30,ARC,70463.85
2021-10-01,2021-10-31,ARC,68215.99
2021-11-01,2021-11-30,ARC,69460.74
2021-12-01,2021-12-31,ARC,67057.55
2022-01-01,2022-01-31,ARC,64573
2022-02-01,2022-02-28,ARC,66862
2022-03-01,2022-03-31,ARC,70869
2022-04-01,2022-04-30,ARC,70576
2022-05-01,2022-05-31,ARC,90871
2022-06-01,2022-06-30,ARC,99623
2022-07-01,2022-07-31,ARC,109168
2022-08-01,2022-08-31,ARC,93977
2022-09-01,2022-09-30,ARC,83515
2022-10-01,2022-10-31,ARC,71837
2022-11-01,2022-11-30,ARC,76034
2022-12-01,2022-12-31,ARC,69122
2023-01-01,2023-01-31,ARC,73119.7
2023-02-01,2023-02-28,ARC,68505.14
2023-03-01,2023-03-31,ARC,76422.91
2023-04-01,2023-04-30,ARC,78959.04
2023-05-01,2023-05-31,ARC,88608.48
2023-06-01,2023-06-30,ARC,96623.57
2023-07-01,2023-07-31,ARC,115472.29
2023-08-01,2023-08-31,ARC,97330.21
2023-09-01,2023-09-30,ARC,86182.76
2023-10-01,2023-10-31,ARC,75611.66
2023-11-01,2023-11-30,ARC,77063.44
2023-12-01,2023-12-31,ARC,69218.63
2024-01-01,2024-01-31,ARC,70952.81
2024-02-01,2024-02-29,ARC,66025
2024-03-01,2024-03-31,ARC,71579.8
2024-04-01,2024-04-30,ARC,70703.3
2024-05-01,2024-05-31,ARC,89294
2024-06-01,2024-06-30,ARC,102193
2024-07-01,2024-07-31,ARC,99149.6
2024-08-01,2024-08-31,ARC,120552.1
2024-09-01,2024-09-30,ARC,102862.6
2024-10-01,2024-10-31,ARC,85524.6
2024-11-01,2024-11-30,ARC,73090.4
2024-12-01,2024-12-31,ARC,70438
2015-01-01,2015-01-31,BAU,1115.02
2015-02-01,2015-02-28,BAU,
2015-03-01,2015-03-31,BAU,1216.34
2015-04-01,2015-04-30,BAU,
2015-05-01,2015-05-31,BAU,10611.58
2015-06-01,2015-06-30,BAU,
2015-07-01,2015-07-31,BAU,7965.93
2015-08-01,2015-08-31,BAU,
2015-09-01,2015-09-30,BAU,8012.12
2015-10-01,2015-10-31,BAU,
2015-11-01,2015-11-30,BAU,8352.83
2015-12-01,2015-12-31,BAU,
2016-01-01,2016-01-31,BAU,11245.85
2016-02-01,2016-02-29,BAU,
2016-03-01,2016-03-31,BAU,13971.62
2016-04-01,2016-04-30,BAU,
2016-05-01,2016-05-31,BAU,11099.52
2016-06-01,2016-06-30,BAU,
2016-07-01,2016-07-31,BAU,7535.25
2016-08-01,2016-08-31,BAU,
2016-09-01,2016-09-30,BAU,7532.01
2016-10-01,2016-10-31,BAU,
2016-11-01,2016-11-30,BAU,8529.95
2016-12-01,2016-12-31,BAU,
2017-01-01,2017-01-31,BAU,12411.23
2017-02-01,2017-02-28,BAU,
2017-03-01,2017-03-31,BAU,13484.60942
2017-04-01,2017-04-30,BAU,6842.60887
2017-05-01,2017-05-31,BAU,4422.5845
2017-06-01,2017-06-30,BAU,4233.41582
2017-07-01,2017-07-31,BAU,4124.24179
2017-08-01,2017-08-31,BAU,4302.05371
2017-09-01,2017-09-30,BAU,4032.84895
2017-10-01,2017-10-31,BAU,4204.8996
2017-11-01,2017-11-30,BAU,4239.21854
2017-12-01,2017-12-31,BAU,6001.79474
2018-01-01,2018-01-31,BAU,5898.42343
2018-02-01,2018-02-28,BAU,6957.0468
2018-03-01,2018-03-31,BAU,5257.66723
2018-04-01,2018-04-30,BAU,6213.17954
2018-05-01,2018-05-31,BAU,4514.39182
2018-06-01,2018-06-30,BAU,4450.27176
2018-07-01,2018-07-31,BAU,3654.71885
2018-08-01,2018-08-31,BAU,4200.42322
2018-09-01,2018-09-30,BAU,4499.90574
2018-10-01,2018-10-31,BAU,4111.48
2018-11-01,2018-11-30,BAU,4858.26
2018-12-01,2018-12-31,BAU,5421.94
2019-01-01,2019-01-31,BAU,6851.26
2019-02-01,2019-02-28,BAU,6272.36
2019-03-01,2019-03-31,BAU,6128.3
2019-04-01,2019-04-30,BAU,4511
2019-05-01,2019-05-31,BAU,4626.98
2019-06-01,2019-06-30,BAU,3784.68
2019-07-01,2019-07-31,BAU,4179.68
2019-08-01,2019-08-31,BAU,4069.68
2019-09-01,2019-09-30,BAU,3681.7
2019-10-01,2019-10-31,BAU,4710.78
2019-11-01,2019-11-30,BAU,5057.14
2019-12-01,2019-12-31,BAU,5672
2020-01-01,2020-01-31,BAU,1408.09
2020-02-01,2020-02-29,BAU,6275.82
2020-03-01,2020-03-31,BAU,4971.96
2020-04-01,2020-04-30,BAU,4378.22
2020-05-01,2020-05-31,BAU,4188.96
2020-06-01,2020-06-30,BAU,4071.86
2020-07-01,2020-07-31,BAU,3918.64
2020-08-01,2020-08-31,BAU,3446.14
2020-09-01,2020-09-30,BAU,3824.28
2020-10-01,2020-10-31,BAU,5299.08
2020-11-01,2020-11-30,BAU,6227.92
2020-12-01,2020-12-31,BAU,6285.2
2021-01-01,2021-01-31,BAU,5732.76
2021-02-01,2021-02-28,BAU,5535.84
2021-03-01,2021-03-31,BAU,5653.3
2021-04-01,2021-04-30,BAU,4609.64
2021-05-01,2021-05-31,BAU,5187.72
2021-06-01,2021-06-30,BAU,5417.3
2021-07-01,2021-07-31,BAU,5271.86
2021-08-01,2021-08-31,BAU,4595.38
2021-09-01,2021-09-30,BAU,4602.84
2021-10-01,2021-10-31,BAU,4983.2
2021-11-01,2021-11-30,BAU,6012.32
2021-12-01,2021-12-31,BAU,7051.9
2022-01-01,2022-01-31,BAU,7473.3
2022-02-01,2022-02-28,BAU,7105.12
2022-03-01,2022-03-31,BAU,6311.94
2022-04-01,2022-04-30,BAU,5763
2022-05-01,2022-05-31,BAU,5513.08
2022-06-01,2022-06-30,BAU,4593.32
2022-07-01,2022-07-31,BAU,4919.8
2022-08-01,2022-08-31,BAU,5617.98
2022-09-01,2022-09-30,BAU,5570.76
2022-10-01,2022-10-31,BAU,7022.66
2022-11-01,2022-11-30,BAU,7091.94
2022-12-01,2022-12-31,BAU,7138.8
2023-01-01,2023-01-31,BAU,7184.26
2023-02-01,2023-02-28,BAU,7616.64
2023-03-01,2023-03-31,BAU,7212.1
2023-04-01,2023-04-30,BAU,6148.7
2023-05-01,2023-05-31,BAU,5181.58
2023-06-01,2023-06-30,BAU,5017.2
2023-07-01,2023-07-31,BAU,5578.72
2023-08-01,2023-08-31,BAU,5080.56
2023-09-01,2023-09-30,BAU,4887.44
2023-10-01,2023-10-31,BAU,5822.36
2023-11-01,2023-11-30,BAU,6278.32
2023-12-01,2023-12-31,BAU,5513.24
2024-01-01,2024-01-31,BAU,7239.8
2024-02-01,2024-02-29,BAU,6540.27
2024-03-01,2024-03-31,BAU,5623.36
2024-04-01,2024-04-30,BAU,5077
2024-05-01,2024-05-31,BAU,4209
2024-06-01,2024-06-30,BAU,4250
2024-07-01,2024-07-31,BAU,4228.37
2024-08-01,2024-08-31,BAU,4778.94
2024-09-01,2024-09-30,BAU,4301.22
2024-10-01,2024-10-31,BAU,5358.38
2024-11-01,2024-11-30,BAU,5757.43
2024-12-01,2024-12-31,BAU,6723.28
2015-01-01,2015-01-31,CIF,177903.34
2015-02-01,2015-02-28,CIF,162086.69
2015-03-01,2015-03-31,CIF,183877.9
2015-04-01,2015-04-30,CIF,160553
2015-05-01,2015-05-31,CIF,179320.42
2015-06-01,2015-06-30,CIF,187436.99
2015-07-01,2015-07-31,CIF,200478.05
2015-08-01,2015-08-31,CIF,193395.22
2015-09-01,2015-09-30,CIF,200898.05
2015-10-01,2015-10-31,CIF,202840.73
2015-11-01,2015-11-30,CIF,190539.91
2015-12-01,2015-12-31,CIF,152039.02
2016-01-01,2016-01-31,CIF,183470.95
2016-02-01,2016-02-29,CIF,162086.69
2016-03-01,2016-03-31,CIF,169519.61
2016-04-01,2016-04-30,CIF,97006.42
2016-05-01,2016-05-31,CIF,85822.37
2016-06-01,2016-06-30,CIF,113245.51
2016-07-01,2016-07-31,CIF,186687.74
2016-08-01,2016-08-31,CIF,185039.65
2016-09-01,2016-09-30,CIF,185102.13
2016-10-01,2016-10-31,CIF,193230.97
2016-11-01,2016-11-30,CIF,186705.53
2016-12-01,2016-12-31,CIF,161943.26
2017-01-01,2017-01-31,CIF,184286.37
2017-02-01,2017-02-28,CIF,165116.1178
2017-03-01,2017-03-31,CIF,187235.185
2017-04-01,2017-04-30,CIF,155930.495
2017-05-01,2017-05-31,CIF,169143.4335
2017-06-01,2017-06-30,CIF,167927.6704
2017-07-01,2017-07-31,CIF,177946.6985
2017-08-01,2017-08-31,CIF,174614.9736
2017-09-01,2017-09-30,CIF,187994.4191
2017-10-01,2017-10-31,CIF,195000.1673
2017-11-01,2017-11-30,CIF,189076.8543
2017-12-01,2017-12-31,CIF,151659.3097
2018-01-01,2018-01-31,CIF,196714.6742
2018-02-01,2018-02-28,CIF,172601.6577
2018-03-01,2018-03-31,CIF,185466.8993
2018-04-01,2018-04-30,CIF,118443.8668
2018-05-01,2018-05-31,CIF,172567.2766
2018-06-01,2018-06-30,CIF,176476.5691
2018-07-01,2018-07-31,CIF,193740.1377
2018-08-01,2018-08-31,CIF,198906.5377
2018-09-01,2018-09-30,CIF,192116.2672
2018-10-01,2018-10-31,CIF,202180.09
2018-11-01,2018-11-30,CIF,200541.79
2018-12-01,2018-12-31,CIF,171846.48
2019-01-01,2019-01-31,CIF,204013.8431
2019-02-01,2019-02-28,CIF,183890.7355
2019-03-01,2019-03-31,CIF,206108.4592
2019-04-01,2019-04-30,CIF,182902.6152
2019-05-01,2019-05-31,CIF,192716.3307
2019-06-01,2019-06-30,CIF,193208.7122
2019-07-01,2019-07-31,CIF,233445.0524
2019-08-01,2019-08-31,CIF,225863.9749
2019-09-01,2019-09-30,CIF,212421.69
2019-10-01,2019-10-31,CIF,217156.47
2019-11-01,2019-11-30,CIF,234428.43
2019-12-01,2019-12-31,CIF,212770.36
2020-01-01,2020-01-31,CIF,246831.25
2020-02-01,2020-02-29,CIF,226073.71
2020-03-01,2020-03-31,CIF,177644.78
2020-04-01,2020-04-30,CIF,79102.12
2020-05-01,2020-05-31,CIF,67448.28
2020-06-01,2020-06-30,CIF,46867.75
2020-07-01,2020-07-31,CIF,71688.3
2020-08-01,2020-08-31,CIF,161176.47
2020-09-01,2020-09-30,CIF,172110.64
2020-10-01,2020-10-31,CIF,185046.3
2020-11-01,2020-11-30,CIF,186144.07
2020-12-01,2020-12-31,CIF,177353.55
2021-01-01,2021-01-31,CIF,157463.1526
2021-02-01,2021-02-28,CIF,166765.5546
2021-03-01,2021-03-31,CIF,214750.1981
2021-04-01,2021-04-30,CIF,154054.47
2021-05-01,2021-05-31,CIF,151997.6513
2021-06-01,2021-06-30,CIF,152021.304
2021-07-01,2021-07-31,CIF,187500.708
2021-08-01,2021-08-31,CIF,227254.392
2021-09-01,2021-09-30,CIF,222325.56
2021-10-01,2021-10-31,CIF,236134.8
2021-11-01,2021-11-30,CIF,236655.756
2021-12-01,2021-12-31,CIF,203628.474
2022-01-01,2022-01-31,CIF,180299.23
2022-02-01,2022-02-28,CIF,215533.08
2022-03-01,2022-03-31,CIF,233588.36
2022-04-01,2022-04-30,CIF,145214.78
2022-05-01,2022-05-31,CIF,196115.94
2022-06-01,2022-06-30,CIF,213224.83
2022-07-01,2022-07-31,CIF,217723.81
2022-08-01,2022-08-31,CIF,234040.99
2022-09-01,2022-09-30,CIF,238684.79
2022-10-01,2022-10-31,CIF,227875.69
2022-11-01,2022-11-30,CIF,228156.44
2022-12-01,2022-12-31,CIF,215276.4
2023-01-01,2023-01-31,CIF,257270.06
2023-02-01,2023-02-28,CIF,242039.04
2023-03-01,2023-03-31,CIF,270284.84
2023-04-01,2023-04-30,CIF,221563.06
2023-05-01,2023-05-31,CIF,226949.81
2023-06-01,2023-06-30,CIF,233855.39
2023-07-01,2023-07-31,CIF,243979.52
2023-08-01,2023-08-31,CIF,242331.7
2023-09-01,2023-09-30,CIF,245388.76
2023-10-01,2023-10-31,CIF,240612.74
2023-11-01,2023-11-30,CIF,240544.35
2023-12-01,2023-12-31,CIF,214071.77
2024-01-01,2024-01-31,CIF,250000
2024-02-01,2024-02-29,CIF,231211.68
2024-03-01,2024-03-31,CIF,241314.5
2024-04-01,2024-04-30,CIF,151479
2024-05-01,2024-05-31,CIF,198438
2024-06-01,2024-06-30,CIF,213040
2024-07-01,2024-07-31,CIF,238033.5
2024-08-01,2024-08-31,CIF,232797
2024-09-01,2024-09-30,CIF,228695
2024-10-01,2024-10-31,CIF,214871.4
2024-11-01,2024-11-30,CIF,204054.84
2024-12-01,2024-12-31,CIF,183575
2015-01-01,2015-01-31,CLV,790551.03
2015-02-01,2015-02-28,CLV,
2015-03-01,2015-03-31,CLV,842635.85
2015-04-01,2015-04-30,CLV,
2015-05-01,2015-05-31,CLV,549310.5
2015-06-01,2015-06-30,CLV,
2015-07-01,2015-07-31,CLV,348168.74
2015-08-01,2015-08-31,CLV,
2015-09-01,2015-09-30,CLV,355056.32
2015-10-01,2015-10-31,CLV,
2015-11-01,2015-11-30,CLV,471818.7
2015-12-01,2015-12-31,CLV,
2016-01-01,2016-01-31,CLV,667802.01
2016-02-01,2016-02-29,CLV,
2016-03-01,2016-03-31,CLV,717824.48
2016-04-01,2016-04-30,CLV,
2016-05-01,2016-05-31,CLV,535481.23
2016-06-01,2016-06-30,CLV,
2016-07-01,2016-07-31,CLV,334989.04
2016-08-01,2016-08-31,CLV,
2016-09-01,2016-09-30,CLV,392748.38
2016-10-01,2016-10-31,CLV,
2016-11-01,2016-11-30,CLV,463383.23
2016-12-01,2016-12-31,CLV,
2017-01-01,2017-01-31,CLV,727218.46
2017-02-01,2017-02-28,CLV,
2017-03-01,2017-03-31,CLV,675105.8359
2017-04-01,2017-04-30,CLV,355459.5715
2017-05-01,2017-05-31,CLV,205180.2749
2017-06-01,2017-06-30,CLV,165465.1706
2017-07-01,2017-07-31,CLV,162184.7572
2017-08-01,2017-08-31,CLV,175160.1103
2017-09-01,2017-09-30,CLV,178317.3216
2017-10-01,2017-10-31,CLV,226337.1977
2017-11-01,2017-11-30,CLV,262027.9009
2017-12-01,2017-12-31,CLV,387537.4609
2018-01-01,2018-01-31,CLV,409755.1973
2018-02-01,2018-02-28,CLV,446931.9829
2018-03-01,2018-03-31,CLV,335055.2987
2018-04-01,2018-04-30,CLV,377079.2236
2018-05-01,2018-05-31,CLV,240647.0831
2018-06-01,2018-06-30,CLV,190285.468
2018-07-01,2018-07-31,CLV,194884.0462
2018-08-01,2018-08-31,CLV,211685.7088
2018-09-01,2018-09-30,CLV,195394.4332
2018-10-01,2018-10-31,CLV,214183.4
2018-11-01,2018-11-30,CLV,330693.86
2018-12-01,2018-12-31,CLV,355762.84
2019-01-01,2019-01-31,CLV,456462.52
2019-02-01,2019-02-28,CLV,363321.73
2019-03-01,2019-03-31,CLV,311367.48
2019-04-01,2019-04-30,CLV,241309.37
2019-05-01,2019-05-31,CLV,178436.58
2019-06-01,2019-06-30,CLV,147474.19
2019-07-01,2019-07-31,CLV,169209.3
2019-08-01,2019-08-31,CLV,48818.3
2019-09-01,2019-09-30,CLV,180501.15
2019-10-01,2019-10-31,CLV,303483.92
2019-11-01,2019-11-30,CLV,328843.78
2019-12-01,2019-12-31,CLV,332031.38
2020-01-01,2020-01-31,CLV,356286.98
2020-02-01,2020-02-29,CLV,305373.03
2020-03-01,2020-03-31,CLV,302373.78
2020-04-01,2020-04-30,CLV,222875.39
2020-05-01,2020-05-31,CLV,151942.93
2020-06-01,2020-06-30,CLV,177198.91
2020-07-01,2020-07-31,CLV,161662.9
2020-08-01,2020-08-31,CLV,135771.58
2020-09-01,2020-09-30,CLV,142839.25
2020-10-01,2020-10-31,CLV,101231.17
2020-11-01,2020-11-30,CLV,213322.12
2020-12-01,2020-12-31,CLV,265515.29
2021-01-01,2021-01-31,CLV,266189.72
2021-02-01,2021-02-28,CLV,249899.33
2021-03-01,2021-03-31,CLV,219063.86
2021-04-01,2021-04-30,CLV,163633.08
2021-05-01,2021-05-31,CLV,133014.3
2021-06-01,2021-06-30,CLV,149381.89
2021-07-01,2021-07-31,CLV,143752.29
2021-08-01,2021-08-31,CLV,147611.85
2021-09-01,2021-09-30,CLV,127169.87
2021-10-01,2021-10-31,CLV,144921.68
2021-11-01,2021-11-30,CLV,208330.44
2021-12-01,2021-12-31,CLV,286795.35
2022-01-01,2022-01-31,CLV,326981.11
2022-02-01,2022-02-28,CLV,294862.03
2022-03-01,2022-03-31,CLV,280726.12
2022-04-01,2022-04-30,CLV,183719.78
2022-05-01,2022-05-31,CLV,143478.51
2022-06-01,2022-06-30,CLV,142829.44
2022-07-01,2022-07-31,CLV,132212.2
2022-08-01,2022-08-31,CLV,140665.71
2022-09-01,2022-09-30,CLV,183071.47
2022-10-01,2022-10-31,CLV,241996.9
2022-11-01,2022-11-30,CLV,305165.32
2022-12-01,2022-12-31,CLV,298540.49
2023-01-01,2023-01-31,CLV,352978.92
2023-02-01,2023-02-28,CLV,350216.35
2023-03-01,2023-03-31,CLV,218424.62
2023-04-01,2023-04-30,CLV,200603.18
2023-05-01,2023-05-31,CLV,135144.01
2023-06-01,2023-06-30,CLV,150421.3
2023-07-01,2023-07-31,CLV,151003.35
2023-08-01,2023-08-31,CLV,145697.25
2023-09-01,2023-09-30,CLV,172367.02
2023-10-01,2023-10-31,CLV,258993.88
2023-11-01,2023-11-30,CLV,283290.14
2023-12-01,2023-12-31,CLV,288957.97
2024-01-01,2024-01-31,CLV,264168.85
2024-02-01,2024-02-29,CLV,215517.91
2024-03-01,2024-03-31,CLV,187155.44
2024-04-01,2024-04-30,CLV,117255.55
2024-05-01,2024-05-31,CLV,47653.91
2024-06-01,2024-06-30,CLV,33989.54
2024-07-01,2024-07-31,CLV,31044.61
2024-08-01,2024-08-31,CLV,40732.8
2024-09-01,2024-09-30,CLV,67490.13
2024-10-01,2024-10-31,CLV,136489.74
2024-11-01,2024-11-30,CLV,191172.89
2024-12-01,2024-12-31,CLV,248642.75
2015-01-01,2015-01-31,COG,6972.18
2015-02-01,2015-02-28,COG,
2015-03-01,2015-03-31,COG,4959.3
2015-04-01,2015-04-30,COG,
2015-05-01,2015-05-31,COG,4251.91
2015-06-01,2015-06-30,COG,
2015-07-01,2015-07-31,COG,3462.78
2015-08-01,2015-08-31,COG,
2015-09-01,2015-09-30,COG,2961.98
2015-10-01,2015-10-31,COG,
2015-11-01,2015-11-30,COG,3508.85
2015-12-01,2015-12-31,COG,
2016-01-01,2016-01-31,COG,4715.01
2016-02-01,2016-02-29,COG,
2016-03-01,2016-03-31,COG,5561.49
2016-04-01,2016-04-30,COG,
2016-05-01,2016-05-31,COG,4951.83
2016-06-01,2016-06-30,COG,
2016-07-01,2016-07-31,COG,2223.4
2016-08-01,2016-08-31,COG,
2016-09-01,2016-09-30,COG,1251.36
2016-10-01,2016-10-31,COG,
2016-11-01,2016-11-30,COG,1077.15
2016-12-01,2016-12-31,COG,
2017-01-01,2017-01-31,COG,5007.13
2017-02-01,2017-02-28,COG,
2017-03-01,2017-03-31,COG,5964.11851
2017-04-01,2017-04-30,COG,3602.90885
2017-05-01,2017-05-31,COG,2278.76959
2017-06-01,2017-06-30,COG,977.96556
2017-07-01,2017-07-31,COG,922.3009
2017-08-01,2017-08-31,COG,736.86254
2017-09-01,2017-09-30,COG,718.0866
2017-10-01,2017-10-31,COG,751.1621
2017-11-01,2017-11-30,COG,1812.93552
2017-12-01,2017-12-31,COG,3522.41683
2018-01-01,2018-01-31,COG,3667.27759
2018-02-01,2018-02-28,COG,3548.36328
2018-03-01,2018-03-31,COG,3334.65739
2018-04-01,2018-04-30,COG,4956.39329
2018-05-01,2018-05-31,COG,2845.11506
2018-06-01,2018-06-30,COG,1137.20878
2018-07-01,2018-07-31,COG,1057.04834
2018-08-01,2018-08-31,COG,1755.2399
2018-09-01,2018-09-30,COG,1802.24194
2018-10-01,2018-10-31,COG,1685.84
2018-11-01,2018-11-30,COG,1697.34
2018-12-01,2018-12-31,COG,3228.44
2019-01-01,2019-01-31,COG,5904.42
2019-02-01,2019-02-28,COG,4980.92
2019-03-01,2019-03-31,COG,3718.38
2019-04-01,2019-04-30,COG,2929.34
2019-05-01,2019-05-31,COG,2184.84
2019-06-01,2019-06-30,COG,1109.62
2019-07-01,2019-07-31,COG,1021.24
2019-08-01,2019-08-31,COG,938.26
2019-09-01,2019-09-30,COG,1304.7
2019-10-01,2019-10-31,COG,3466.06
2019-11-01,2019-11-30,COG,4227.76
2019-12-01,2019-12-31,COG,4634.36
2020-01-01,2020-01-31,COG,4634.42
2020-02-01,2020-02-29,COG,4093.42
2020-03-01,2020-03-31,COG,3845.86
2020-04-01,2020-04-30,COG,2885.86
2020-05-01,2020-05-31,COG,1467.88
2020-06-01,2020-06-30,COG,798.76
2020-07-01,2020-07-31,COG,670.22
2020-08-01,2020-08-31,COG,620.68
2020-09-01,2020-09-30,COG,1467.48
2020-10-01,2020-10-31,COG,2704.32
2020-11-01,2020-11-30,COG,2994.76
2020-12-01,2020-12-31,COG,3960.5
2021-01-01,2021-01-31,COG,4178.96
2021-02-01,2021-02-28,COG,3959.04
2021-03-01,2021-03-31,COG,3562.62
2021-04-01,2021-04-30,COG,3207
2021-05-01,2021-05-31,COG,1375.84
2021-06-01,2021-06-30,COG,987.34
2021-07-01,2021-07-31,COG,931.28
2021-08-01,2021-08-31,COG,1021.24
2021-09-01,2021-09-30,COG,1294.08
2021-10-01,2021-10-31,COG,2859.76
2021-11-01,2021-11-30,COG,4102.56
2021-12-01,2021-12-31,COG,5367.6
2022-01-01,2022-01-31,COG,5247.96
2022-02-01,2022-02-28,COG,4735.74
2022-03-01,2022-03-31,COG,4523.04
2022-04-01,2022-04-30,COG,3135.02
2022-05-01,2022-05-31,COG,1754.76
2022-06-01,2022-06-30,COG,1522.4
2022-07-01,2022-07-31,COG,1364.88
2022-08-01,2022-08-31,COG,1590.84
2022-09-01,2022-09-30,COG,1877.7
2022-10-01,2022-10-31,COG,2346.56
2022-11-01,2022-11-30,COG,2489.48
2022-12-01,2022-12-31,COG,2888.94
2023-01-01,2023-01-31,COG,3055.52
2023-02-01,2023-02-28,COG,4017.8
2023-03-01,2023-03-31,COG,3130.44
2023-04-01,2023-04-30,COG,2336.78
2023-05-01,2023-05-31,COG,1537.5
2023-06-01,2023-06-30,COG,1279.46
2023-07-01,2023-07-31,COG,1200.38
2023-08-01,2023-08-31,COG,1680.9
2023-09-01,2023-09-30,COG,1890.42
2023-10-01,2023-10-31,COG,2645.6
2023-11-01,2023-11-30,COG,3175.9
2023-12-01,2023-12-31,COG,3874.44
2024-01-01,2024-01-31,COG,4814
2024-02-01,2024-02-29,COG,3748.84
2024-03-01,2024-03-31,COG,3195.53
2024-04-01,2024-04-30,COG,2712.3
2024-05-01,2024-05-31,COG,1755
2024-06-01,2024-06-30,COG,1198.5
2024-07-01,2024-07-31,COG,938
2024-08-01,2024-08-31,COG,1143
2024-09-01,2024-09-30,COG,1314.6
2024-10-01,2024-10-31,COG,2330.5
2024-11-01,2024-11-30,COG,2800.6
2024-12-01,2024-12-31,COG,2069.9
2015-01-01,2015-01-31,CSB,7658730.76
2015-02-01,2015-02-28,CSB,7251228.2
2015-03-01,2015-03-31,CSB,7769670.32
2015-04-01,2015-04-30,CSB,7187315.2
2015-05-01,2015-05-31,CSB,7817722.19
2015-06-01,2015-06-30,CSB,7885161.7
2015-07-01,2015-07-31,CSB,8690457.1
2015-08-01,2015-08-31,CSB,8329957.65
2015-09-01,2015-09-30,CSB,8325292.84
2015-10-01,2015-10-31,CSB,7750546.06
2015-11-01,2015-11-30,CSB,7600620
2015-12-01,2015-12-31,CSB,7183096.05
2016-01-01,2016-01-31,CSB,7666031.19
2016-02-01,2016-02-29,CSB,7216369.9
2016-03-01,2016-03-31,CSB,7758704
2016-04-01,2016-04-30,CSB,7262294.18
2016-05-01,2016-05-31,CSB,7799463.71
2016-06-01,2016-06-30,CSB,8109789.66
2016-07-01,2016-07-31,CSB,9062936.84
2016-08-01,2016-08-31,CSB,9199079.63
2016-09-01,2016-09-30,CSB,8446035.92
2016-10-01,2016-10-31,CSB,8075071.09
2016-11-01,2016-11-30,CSB,7693800.45
2016-12-01,2016-12-31,CSB,7397920
2017-01-01,2017-01-31,CSB,7883109.08
2017-02-01,2017-02-28,CSB,7120960.267
2017-03-01,2017-03-31,CSB,7991815.258
2017-04-01,2017-04-30,CSB,7382221.491
2017-05-01,2017-05-31,CSB,7978060.353
2017-06-01,2017-06-30,CSB,8232314.397
2017-07-01,2017-07-31,CSB,9005179.791
2017-08-01,2017-08-31,CSB,8544367.786
2017-09-01,2017-09-30,CSB,8423446.917
2017-10-01,2017-10-31,CSB,8149129.095
2017-11-01,2017-11-30,CSB,7765758.723
2017-12-01,2017-12-31,CSB,7525739.912
2018-01-01,2018-01-31,CSB,8313742.358
2018-02-01,2018-02-28,CSB,7306209.264
2018-03-01,2018-03-31,CSB,8087951.063
2018-04-01,2018-04-30,CSB,7561398.885
2018-05-01,2018-05-31,CSB,8364000.184
2018-06-01,2018-06-30,CSB,8511764.378
2018-07-01,2018-07-31,CSB,9615526.843
2018-08-01,2018-08-31,CSB,8844738.043
2018-09-01,2018-09-30,CSB,8183286.32
2018-10-01,2018-10-31,CSB,8199210.42
2018-11-01,2018-11-30,CSB,7958547.31
2018-12-01,2018-12-31,CSB,7768765.109
2019-01-01,2019-01-31,CSB,8114057.857
2019-02-01,2019-02-28,CSB,7409410.405
2019-03-01,2019-03-31,CSB,8094798.487
2019-04-01,2019-04-30,CSB,7722502.363
2019-05-01,2019-05-31,CSB,7912216.56
2019-06-01,2019-06-30,CSB,8016317.629
2019-07-01,2019-07-31,CSB,9291139.295
2019-08-01,2019-08-31,CSB,8514493.988
2019-09-01,2019-09-30,CSB,8081469.888
2019-10-01,2019-10-31,CSB,8122464.779
2019-11-01,2019-11-30,CSB,7793235.206
2019-12-01,2019-12-31,CSB,7331754.321
2020-01-01,2020-01-31,CSB,7668358.656
2020-02-01,2020-02-29,CSB,7166156.86
2020-03-01,2020-03-31,CSB,7091233.98
2020-04-01,2020-04-30,CSB,5722687.23
2020-05-01,2020-05-31,CSB,5654169.79
2020-06-01,2020-06-30,CSB,6609478.85
2020-07-01,2020-07-31,CSB,8216329.66
2020-08-01,2020-08-31,CSB,7879991.72
2020-09-01,2020-09-30,CSB,7051131.803
2020-10-01,2020-10-31,CSB,6942342.016
2020-11-01,2020-11-30,CSB,6687245.952
2020-12-01,2020-12-31,CSB,6728975.398
2021-01-01,2021-01-31,CSB,6661255.677
2021-02-01,2021-02-28,CSB,6274259.352
2021-03-01,2021-03-31,CSB,6850707.133
2021-04-01,2021-04-30,CSB,6564873.085
2021-05-01,2021-05-31,CSB,6988637.457
2021-06-01,2021-06-30,CSB,7648995.516
2021-07-01,2021-07-31,CSB,7817090.312
2021-08-01,2021-08-31,CSB,8561708.362
2021-09-01,2021-09-30,CSB,7662773.891
2021-10-01,2021-10-31,CSB,7691533.164
2021-11-01,2021-11-30,CSB,7260216.151
2021-12-01,2021-12-31,CSB,7178246.123
2022-01-01,2022-01-31,CSB,7255975.58
2022-02-01,2022-02-28,CSB,6757511.08
2022-03-01,2022-03-31,CSB,7571930.65
2022-04-01,2022-04-30,CSB,7073463.05
2022-05-01,2022-05-31,CSB,7802605.43
2022-06-01,2022-06-30,CSB,8031193.54
2022-07-01,2022-07-31,CSB,8874417.1
2022-08-01,2022-08-31,CSB,8842133.39
2022-09-01,2022-09-30,CSB,8055453.92
2022-10-01,2022-10-31,CSB,7623853.86
2022-11-01,2022-11-30,CSB,7616705.02
2022-12-01,2022-12-31,CSB,7454533.44
2023-01-01,2023-01-31,CSB,7600836.74
2023-02-01,2023-02-28,CSB,7000494.9
2023-03-01,2023-03-31,CSB,7753198.63
2023-04-01,2023-04-30,CSB,7247478.52
2023-05-01,2023-05-31,CSB,7672495.88
2023-06-01,2023-06-30,CSB,8157340.4
2023-07-01,2023-07-31,CSB,8811134.52
2023-08-01,2023-08-31,CSB,8228049.16
2023-09-01,2023-09-30,CSB,8122026.28
2023-10-01,2023-10-31,CSB,7904370.4
2023-11-01,2023-11-30,CSB,7657759.12
2023-12-01,2023-12-31,CSB,7306090.72
2024-01-01,2024-01-31,CSB,7819536.76
2024-02-01,2024-02-29,CSB,7272079.08
2024-03-01,2024-03-31,CSB,7766157.72
2024-04-01,2024-04-30,CSB,7360426.92
2024-05-01,2024-05-31,CSB,7903926.54
2024-06-01,2024-06-30,CSB,8511246.65
2024-07-01,2024-07-31,CSB,9149714.46
2024-08-01,2024-08-31,CSB,8574987.46
2024-09-01,2024-09-30,CSB,8256137.6
2024-10-01,2024-10-31,CSB,7793491.33
2024-11-01,2024-11-30,CSB,7517367.53
2024-12-01,2024-12-31,CSB,6931038.15
2015-01-01,2015-01-31,DMS,31415.74
2015-02-01,2015-02-28,DMS,32652.58
2015-03-01,2015-03-31,DMS,38836.78
2015-04-01,2015-04-30,DMS,31663.1
2015-05-01,2015-05-31,DMS,38589.41
2015-06-01,2015-06-30,DMS,32157.84
2015-07-01,2015-07-31,DMS,36115.73
2015-08-01,2015-08-31,DMS,39270.46
2015-09-01,2015-09-30,DMS,45692.04
2015-10-01,2015-10-31,DMS,41740.3
2015-11-01,2015-11-30,DMS,40258.39
2015-12-01,2015-12-31,DMS,42481.25
2016-01-01,2016-01-31,DMS,39023.47
2016-02-01,2016-02-29,DMS,32652.58
2016-03-01,2016-03-31,DMS,36306.65
2016-04-01,2016-04-30,DMS,38776.49
2016-05-01,2016-05-31,DMS,40752.36
2016-06-01,2016-06-30,DMS,38035.54
2016-07-01,2016-07-31,DMS,39764.42
2016-08-01,2016-08-31,DMS,49643.78
2016-09-01,2016-09-30,DMS,46186.01
2016-10-01,2016-10-31,DMS,49890.77
2016-11-01,2016-11-30,DMS,51125.69
2016-12-01,2016-12-31,DMS,42234.26
2017-01-01,2017-01-31,DMS,41246.33
2017-02-01,2017-02-28,DMS,44457.12
2017-03-01,2017-03-31,DMS,41740.3
2017-04-01,2017-04-30,DMS,41246.33
2017-05-01,2017-05-31,DMS,44457.12
2017-06-01,2017-06-30,DMS,39023.47
2017-07-01,2017-07-31,DMS,40505.38
2017-08-01,2017-08-31,DMS,49890.77
2017-09-01,2017-09-30,DMS,47667.91
2017-10-01,2017-10-31,DMS,50631.72
2017-11-01,2017-11-30,DMS,46432.99
2017-12-01,2017-12-31,DMS,41246.33
2018-01-01,2018-01-31,DMS,41246.33
2018-02-01,2018-02-28,DMS,33589.82
2018-03-01,2018-03-31,DMS,38035.54
2018-04-01,2018-04-30,DMS,40999.34
2018-05-01,2018-05-31,DMS,39023.47
2018-06-01,2018-06-30,DMS,39023.47
2018-07-01,2018-07-31,DMS,51125.69
2018-08-01,2018-08-31,DMS,49890.77
2018-09-01,2018-09-30,DMS,4808.86
2018-10-01,2018-10-31,DMS,44210.14
2018-11-01,2018-11-30,DMS,41493.31
2018-12-01,2018-12-31,DMS,39270.46
2019-01-01,2019-01-31,DMS,42234.26
2019-02-01,2019-02-28,DMS,40258.39
2019-03-01,2019-03-31,DMS,37541.57
2019-04-01,2019-04-30,DMS,36059.66
2019-05-01,2019-05-31,DMS,35565.7
2019-06-01,2019-06-30,DMS,28403.16
2019-07-01,2019-07-31,DMS,39023.47
2019-08-01,2019-08-31,DMS,39270.46
2019-09-01,2019-09-30,DMS,41493.31
2019-10-01,2019-10-31,DMS,37680
2019-11-01,2019-11-30,DMS,33360
2019-12-01,2019-12-31,DMS,32640
2020-01-01,2020-01-31,DMS,30480
2020-02-01,2020-02-29,DMS,39840
2020-03-01,2020-03-31,DMS,36480
2020-04-01,2020-04-30,DMS,23216.5
2020-05-01,2020-05-31,DMS,20499.67
2020-06-01,2020-06-30,DMS,20252.69
2020-07-01,2020-07-31,DMS,27168.24
2020-08-01,2020-08-31,DMS,33589.82
2020-09-01,2020-09-30,DMS,26180.3
2020-10-01,2020-10-31,DMS,23463.48
2020-11-01,2020-11-30,DMS,23957.45
2020-12-01,2020-12-31,DMS,27168.24
2021-01-01,2021-01-31,DMS,37294.58
2021-02-01,2021-02-28,DMS,23789.87
2021-03-01,2021-03-31,DMS,26900.51
2021-04-01,2021-04-30,DMS,29162.02
2021-05-01,2021-05-31,DMS,30479.8
2021-06-01,2021-06-30,DMS,31778.57
2021-07-01,2021-07-31,DMS,32344.78
2021-08-01,2021-08-31,DMS,36184.51
2021-09-01,2021-09-30,DMS,34241.49
2021-10-01,2021-10-31,DMS,37230.94
2021-11-01,2021-11-30,DMS,35314.39
2021-12-01,2021-12-31,DMS,29967.02
2022-01-01,2022-01-31,DMS,27129
2022-02-01,2022-02-28,DMS,32370
2022-03-01,2022-03-31,DMS,38710
2022-04-01,2022-04-30,DMS,32735.01
2022-05-01,2022-05-31,DMS,38044.8
2022-06-01,2022-06-30,DMS,35963.3
2022-07-01,2022-07-31,DMS,40488.95
2022-08-01,2022-08-31,DMS,39157.34
2022-09-01,2022-09-30,DMS,41451.3
2022-10-01,2022-10-31,DMS,43414.35
2022-11-01,2022-11-30,DMS,38951.97
2022-12-01,2022-12-31,DMS,35004.05
2023-01-01,2023-01-31,DMS,41275.6
2023-02-01,2023-02-28,DMS,30195.04
2023-03-01,2023-03-31,DMS,43226.71
2023-04-01,2023-04-30,DMS,38824.65
2023-05-01,2023-05-31,DMS,40678.64
2023-06-01,2023-06-30,DMS,35785.4
2023-07-01,2023-07-31,DMS,37510.3
2023-08-01,2023-08-31,DMS,34525.3
2023-09-01,2023-09-30,DMS,46133.5
2023-10-01,2023-10-31,DMS,49894.88
2023-11-01,2023-11-30,DMS,46589.96
2023-12-01,2023-12-31,DMS,38931.37
2024-01-01,2024-01-31,DMS,46470.5
2024-02-01,2024-02-29,DMS,44101
2024-03-01,2024-03-31,DMS,41159.41
2024-04-01,2024-04-30,DMS,37671.81
2024-05-01,2024-05-31,DMS,44687.69
2024-06-01,2024-06-30,DMS,49382.92
2024-07-01,2024-07-31,DMS,54899.67
2024-08-01,2024-08-31,DMS,47936.96
2024-09-01,2024-09-30,DMS,45526.96
2024-10-01,2024-10-31,DMS,42738.67
2024-11-01,2024-11-30,DMS,37319.21
2024-12-01,2024-12-31,DMS,28269.71
2015-01-01,2015-01-31,EC1,133431.3
2015-02-01,2015-02-28,EC1,122663.16
2015-03-01,2015-03-31,EC1,130154.04
2015-04-01,2015-04-30,EC1,150285.78
2015-05-01,2015-05-31,EC1,110490.48
2015-06-01,2015-06-30,EC1,130154.04
2015-07-01,2015-07-31,EC1,14650.34
2015-08-01,2015-08-31,EC1,139985.82
2015-09-01,2015-09-30,EC1,137176.74
2015-10-01,2015-10-31,EC1,150753.96
2015-11-01,2015-11-30,EC1,127344.96
2015-12-01,2015-12-31,EC1,130154.04
2016-01-01,2016-01-31,EC1,140922.18
2016-02-01,2016-02-29,EC1,122167.98
2016-03-01,2016-03-31,EC1,125898.3
2016-04-01,2016-04-30,EC1,145482.48
2016-05-01,2016-05-31,EC1,129628.62
2016-06-01,2016-06-30,EC1,155274.57
2016-07-01,2016-07-31,EC1,176257.62
2016-08-01,2016-08-31,EC1,151544.25
2016-09-01,2016-09-30,EC1,169729.56
2016-10-01,2016-10-31,EC1,163201.5
2016-11-01,2016-11-30,EC1,146415.06
2016-12-01,2016-12-31,EC1,155740.86
2017-01-01,2017-01-31,EC1,149679.09
2017-02-01,2017-02-28,EC1,157139.73
2017-03-01,2017-03-31,EC1,140908.1751
2017-04-01,2017-04-30,EC1,160252.682
2017-05-01,2017-05-31,EC1,131495.6452
2017-06-01,2017-06-30,EC1,160687.2643
2017-07-01,2017-07-31,EC1,164972.9357
2017-08-01,2017-08-31,EC1,149259.8953
2017-09-01,2017-09-30,EC1,166485.1142
2017-10-01,2017-10-31,EC1,141757.7555
2017-11-01,2017-11-30,EC1,128840.1236
2017-12-01,2017-12-31,EC1,136866.8397
2018-01-01,2018-01-31,EC1,142014.215
2018-02-01,2018-02-28,EC1,174233.663
2018-03-01,2018-03-31,EC1,146321.802
2018-04-01,2018-04-30,EC1,152746.3456
2018-05-01,2018-05-31,EC1,135537.9132
2018-06-01,2018-06-30,EC1,182580.1461
2018-07-01,2018-07-31,EC1,170074.1483
2018-08-01,2018-08-31,EC1,159940.2677
2018-09-01,2018-09-30,EC1,191893.7226
2018-10-01,2018-10-31,EC1,131312.8595
2018-11-01,2018-11-30,EC1,156617.4852
2018-12-01,2018-12-31,EC1,136498.9369
2019-01-01,2019-01-31,EC1,139329.3172
2019-02-01,2019-02-28,EC1,130162.9883
2019-03-01,2019-03-31,EC1,129995.1239
2019-04-01,2019-04-30,EC1,122582.9781
2019-05-01,2019-05-31,EC1,132323.7762
2019-06-01,2019-06-30,EC1,140040.8757
2019-07-01,2019-07-31,EC1,165800.6005
2019-08-01,2019-08-31,EC1,140431.6267
2019-09-01,2019-09-30,EC1,123355.8
2019-10-01,2019-10-31,EC1,127311.48
2019-11-01,2019-11-30,EC1,107467.965
2019-12-01,2019-12-31,EC1,130691.565
2020-01-01,2020-01-31,EC1,131905.9575
2020-02-01,2020-02-29,EC1,125580.44
2020-03-01,2020-03-31,EC1,120658.16
2020-04-01,2020-04-30,EC1,100970.1225
2020-05-01,2020-05-31,EC1,123561.855
2020-06-01,2020-06-30,EC1,115856.1
2020-07-01,2020-07-31,EC1,127726.65
2020-08-01,2020-08-31,EC1,127263.195
2020-09-01,2020-09-30,EC1,121345.2225
2020-10-01,2020-10-31,EC1,105865.8525
2020-11-01,2020-11-30,EC1,99538.11
2020-12-01,2020-12-31,EC1,105453.3825
2021-01-01,2021-01-31,EC1,111142.9931
2021-02-01,2021-02-28,EC1,108614.5887
2021-03-01,2021-03-31,EC1,113117.3905
2021-04-01,2021-04-30,EC1,102408.0525
2021-05-01,2021-05-31,EC1,101515.5225
2021-06-01,2021-06-30,EC1,126852.255
2021-07-01,2021-07-31,EC1,134237.655
2021-08-01,2021-08-31,EC1,142426.8675
2021-09-01,2021-09-30,EC1,104244.6825
2021-10-01,2021-10-31,EC1,101197.575
2021-11-01,2021-11-30,EC1,96873.0975
2021-12-01,2021-12-31,EC1,119978.19
2022-01-01,2022-01-31,EC1,137319.64
2022-02-01,2022-02-28,EC1,118318.32
2022-03-01,2022-03-31,EC1,120357.97
2022-04-01,2022-04-30,EC1,112589.24
2022-05-01,2022-05-31,EC1,125641.42
2022-06-01,2022-06-30,EC1,140278.41
2022-07-01,2022-07-31,EC1,152210.95
2022-08-01,2022-08-31,EC1,154792.89
2022-09-01,2022-09-30,EC1,121687.04
2022-10-01,2022-10-31,EC1,109640.48
2022-11-01,2022-11-30,EC1,109630.57
2022-12-01,2022-12-31,EC1,117285.07
2023-01-01,2023-01-31,EC1,117247.09
2023-02-01,2023-02-28,EC1,111395.11
2023-03-01,2023-03-31,EC1,116659.62
2023-04-01,2023-04-30,EC1,109178.46
2023-05-01,2023-05-31,EC1,115171.09
2023-06-01,2023-06-30,EC1,137570.72
2023-07-01,2023-07-31,EC1,148811.38
2023-08-01,2023-08-31,EC1,146819.95
2023-09-01,2023-09-30,EC1,143433.02
2023-10-01,2023-10-31,EC1,123766.81
2023-11-01,2023-11-30,EC1,100535.69
2023-12-01,2023-12-31,EC1,121162.05
2024-01-01,2024-01-31,EC1,114430.11
2024-02-01,2024-02-29,EC1,109019.18
2024-03-01,2024-03-31,EC1,125244.5
2024-04-01,2024-04-30,EC1,132572.2
2024-05-01,2024-05-31,EC1,144697
2024-06-01,2024-06-30,EC1,128662.24
2024-07-01,2024-07-31,EC1,125481
2024-08-01,2024-08-31,EC1,135289
2024-09-01,2024-09-30,EC1,132302
2024-10-01,2024-10-31,EC1,132300.9
2024-11-01,2024-11-30,EC1,120091
2024-12-01,2024-12-31,EC1,112858
2015-01-01,2015-01-31,EC2,148257
2015-02-01,2015-02-28,EC2,127969.2
2015-03-01,2015-03-31,EC2,131714.64
2015-04-01,2015-04-30,EC2,163550.88
2015-05-01,2015-05-31,EC2,142638.84
2015-06-01,2015-06-30,EC2,166672.08
2015-07-01,2015-07-31,EC2,200693.16
2015-08-01,2015-08-31,EC2,196635.6
2015-09-01,2015-09-30,EC2,177284.16
2015-10-01,2015-10-31,EC2,194762.88
2015-11-01,2015-11-30,EC2,164175.12
2015-12-01,2015-12-31,EC2,158244.84
2016-01-01,2016-01-31,EC2,181965.96
2016-02-01,2016-02-29,EC2,152943.12
2016-03-01,2016-03-31,EC2,154497.42
2016-04-01,2016-04-30,EC2,180920.52
2016-05-01,2016-05-31,EC2,154497.42
2016-06-01,2016-06-30,EC2,174703.32
2016-07-01,2016-07-31,EC2,206100.18
2016-08-01,2016-08-31,EC2,202059
2016-09-01,2016-09-30,EC2,225995.22
2016-10-01,2016-10-31,EC2,192733.2
2016-11-01,2016-11-30,EC2,169729.56
2016-12-01,2016-12-31,EC2,171283.86
2017-01-01,2017-01-31,EC2,166931.82
2017-02-01,2017-02-28,EC2,168175.26
2017-03-01,2017-03-31,EC2,151810.3462
2017-04-01,2017-04-30,EC2,179358.7594
2017-05-01,2017-05-31,EC2,153585.3568
2017-06-01,2017-06-30,EC2,190649.8163
2017-07-01,2017-07-31,EC2,195358.1018
2017-08-01,2017-08-31,EC2,187685.4553
2017-09-01,2017-09-30,EC2,218440.0786
2017-10-01,2017-10-31,EC2,185322.9193
2017-11-01,2017-11-30,EC2,165813.3457
2017-12-01,2017-12-31,EC2,170738.6116
2018-01-01,2018-01-31,EC2,155492.172
2018-02-01,2018-02-28,EC2,171479.0801
2018-03-01,2018-03-31,EC2,151253.9068
2018-04-01,2018-04-30,EC2,163637.9474
2018-05-01,2018-05-31,EC2,155896.29
2018-06-01,2018-06-30,EC2,212248.3691
2018-07-01,2018-07-31,EC2,204000.6316
2018-08-01,2018-08-31,EC2,208763.6285
2018-09-01,2018-09-30,EC2,249906.5712
2018-10-01,2018-10-31,EC2,166366.0548
2018-11-01,2018-11-30,EC2,184806.8917
2018-12-01,2018-12-31,EC2,159239.9002
2019-01-01,2019-01-31,EC2,182192.5591
2019-02-01,2019-02-28,EC2,153619.5514
2019-03-01,2019-03-31,EC2,157177.0332
2019-04-01,2019-04-30,EC2,161156.6629
2019-05-01,2019-05-31,EC2,187338.5356
2019-06-01,2019-06-30,EC2,182683.7179
2019-07-01,2019-07-31,EC2,224256.8909
2019-08-01,2019-08-31,EC2,197617.4323
2019-09-01,2019-09-30,EC2,174417.6
2019-10-01,2019-10-31,EC2,180702.96
2019-11-01,2019-11-30,EC2,138638.73
2019-12-01,2019-12-31,EC2,163512.45
2020-01-01,2020-01-31,EC2,173078.835
2020-02-01,2020-02-29,EC2,160466.25
2020-03-01,2020-03-31,EC2,165730.76
2020-04-01,2020-04-30,EC2,152445.72
2020-05-01,2020-05-31,EC2,161898.75
2020-06-01,2020-06-30,EC2,173945.565
2020-07-01,2020-07-31,EC2,196242.285
2020-08-01,2020-08-31,EC2,184275.96
2020-09-01,2020-09-30,EC2,169215.69
2020-10-01,2020-10-31,EC2,164681.085
2020-11-01,2020-11-30,EC2,163114.44
2020-12-01,2020-12-31,EC2,154164.12
2021-01-01,2021-01-31,EC2,156635.1182
2021-02-01,2021-02-28,EC2,136450.7282
2021-03-01,2021-03-31,EC2,166257.9729
2021-04-01,2021-04-30,EC2,170392.5
2021-05-01,2021-05-31,EC2,187204.785
2021-06-01,2021-06-30,EC2,210563.64
2021-07-01,2021-07-31,EC2,215214.315
2021-08-01,2021-08-31,EC2,214930.215
2021-09-01,2021-09-30,EC2,197616.105
2021-10-01,2021-10-31,EC2,183505.095
2021-11-01,2021-11-30,EC2,154515.33
2021-12-01,2021-12-31,EC2,153588.765
2022-01-01,2022-01-31,EC2,153105.6
2022-02-01,2022-02-28,EC2,141202.11
2022-03-01,2022-03-31,EC2,160564.37
2022-04-01,2022-04-30,EC2,163532.38
2022-05-01,2022-05-31,EC2,198101.22
2022-06-01,2022-06-30,EC2,201056.1
2022-07-01,2022-07-31,EC2,208178.76
2022-08-01,2022-08-31,EC2,202335.15
2022-09-01,2022-09-30,EC2,187280.22
2022-10-01,2022-10-31,EC2,171255.23
2022-11-01,2022-11-30,EC2,160990.98
2022-12-01,2022-12-31,EC2,157761.7
2023-01-01,2023-01-31,EC2,163538.26
2023-02-01,2023-02-28,EC2,148051.64
2023-03-01,2023-03-31,EC2,161028.345
2023-04-01,2023-04-30,EC2,155859.405
2023-05-01,2023-05-31,EC2,169826.565
2023-06-01,2023-06-30,EC2,167638.2
2023-07-01,2023-07-31,EC2,175454.1
2023-08-01,2023-08-31,EC2,175051.185
2023-09-01,2023-09-30,EC2,166524.375
2023-10-01,2023-10-31,EC2,164990.04
2023-11-01,2023-11-30,EC2,154286.67
2023-12-01,2023-12-31,EC2,158501.325
2024-01-01,2024-01-31,EC2,161696.46
2024-02-01,2024-02-29,EC2,160427
2024-03-01,2024-03-31,EC2,163831.81
2024-04-01,2024-04-30,EC2,158201
2024-05-01,2024-05-31,EC2,190736
2024-06-01,2024-06-30,EC2,185092
2024-07-01,2024-07-31,EC2,193687
2024-08-01,2024-08-31,EC2,181203
2024-09-01,2024-09-30,EC2,168187
2024-10-01,2024-10-31,EC2,174420.17
2024-11-01,2024-11-30,EC2,161900.1
2024-12-01,2024-12-31,EC2,157898
2015-01-01,2015-01-31,EC3,39451.97
2015-02-01,2015-02-28,EC3,38453.18
2015-03-01,2015-03-31,EC3,36955.01
2015-04-01,2015-04-30,EC3,44445.89
2015-05-01,2015-05-31,EC3,38952.58
2015-06-01,2015-06-30,EC3,51936.77
2015-07-01,2015-07-31,EC3,63922.18
2015-08-01,2015-08-31,EC3,64920.96
2015-09-01,2015-09-30,EC3,61924.61
2015-10-01,2015-10-31,EC3,66918.53
2015-11-01,2015-11-30,EC3,54933.12
2015-12-01,2015-12-31,EC3,46443.46
2016-01-01,2016-01-31,EC3,45944.06
2016-02-01,2016-02-29,EC3,39790.08
2016-03-01,2016-03-31,EC3,39790.08
2016-04-01,2016-04-30,EC3,48245.47
2016-05-01,2016-05-31,EC3,46753.34
2016-06-01,2016-06-30,EC3,56203.49
2016-07-01,2016-07-31,EC3,65156.26
2016-08-01,2016-08-31,EC3,66648.38
2016-09-01,2016-09-30,EC3,71622.14
2016-10-01,2016-10-31,EC3,58192.99
2016-11-01,2016-11-30,EC3,47748.1
2016-12-01,2016-12-31,EC3,48742.85
2017-01-01,2017-01-31,EC3,41282.21
2017-02-01,2017-02-28,EC3,44763.84
2017-03-01,2017-03-31,EC3,39252.91392
2017-04-01,2017-04-30,EC3,48377.77402
2017-05-01,2017-05-31,EC3,47974.89946
2017-06-01,2017-06-30,EC3,61566.19603
2017-07-01,2017-07-31,EC3,59428.47398
2017-08-01,2017-08-31,EC3,53480.85178
2017-09-01,2017-09-30,EC3,61582.11206
2017-10-01,2017-10-31,EC3,54462.17462
2017-11-01,2017-11-30,EC3,48863.21299
2017-12-01,2017-12-31,EC3,46334.55341
2018-01-01,2018-01-31,EC3,41042.47277
2018-02-01,2018-02-28,EC3,45826.23514
2018-03-01,2018-03-31,EC3,40087.51085
2018-04-01,2018-04-30,EC3,44720.07091
2018-05-01,2018-05-31,EC3,41905.42013
2018-06-01,2018-06-30,EC3,61327.45555
2018-07-01,2018-07-31,EC3,57391.22189
2018-08-01,2018-08-31,EC3,56336.28739
2018-09-01,2018-09-30,EC3,68427.00058
2018-10-01,2018-10-31,EC3,46721.51194
2018-11-01,2018-11-30,EC3,51180.98515
2018-12-01,2018-12-31,EC3,43304.53882
2019-01-01,2019-01-31,EC3,46912.00694
2019-02-01,2019-02-28,EC3,40227.77088
2019-03-01,2019-03-31,EC3,42298.34717
2019-04-01,2019-04-30,EC3,45871.99373
2019-05-01,2019-05-31,EC3,57007.24762
2019-06-01,2019-06-30,EC3,58471.52256
2019-07-01,2019-07-31,EC3,73107.80611
2019-08-01,2019-08-31,EC3,62200.35043
2019-09-01,2019-09-30,EC3,55317.6
2019-10-01,2019-10-31,EC3,49702.872
2019-11-01,2019-11-30,EC3,35435.088
2019-12-01,2019-12-31,EC3,40775.28
2020-01-01,2020-01-31,EC3,43599.12
2020-02-01,2020-02-29,EC3,40602.88
2020-03-01,2020-03-31,EC3,41460.72
2020-04-01,2020-04-30,EC3,37541.64
2020-05-01,2020-05-31,EC3,40289.592
2020-06-01,2020-06-30,EC3,41678.856
2020-07-01,2020-07-31,EC3,48333.288
2020-08-01,2020-08-31,EC3,43561.656
2020-09-01,2020-09-30,EC3,38593.824
2020-10-01,2020-10-31,EC3,37712.712
2020-11-01,2020-11-30,EC3,38149.152
2020-12-01,2020-12-31,EC3,35628.552
2021-01-01,2021-01-31,EC3,35642.78661
2021-02-01,2021-02-28,EC3,32862.28554
2021-03-01,2021-03-31,EC3,37231.59112
2021-04-01,2021-04-30,EC3,36032.376
2021-05-01,2021-05-31,EC3,35598.432
2021-06-01,2021-06-30,EC3,36833.04
2021-07-01,2021-07-31,EC3,42545.76
2021-08-01,2021-08-31,EC3,48189.888
2021-09-01,2021-09-30,EC3,44924.856
2021-10-01,2021-10-31,EC3,42899.592
2021-11-01,2021-11-30,EC3,36386.52
2021-12-01,2021-12-31,EC3,34024.9
2022-01-01,2022-01-31,EC3,32661.34
2022-02-01,2022-02-28,EC3,29943.19
2022-03-01,2022-03-31,EC3,34659.31
2022-04-01,2022-04-30,EC3,37845.84
2022-05-01,2022-05-31,EC3,50113.61
2022-06-01,2022-06-30,EC3,47535.55
2022-07-01,2022-07-31,EC3,50717.76
2022-08-01,2022-08-31,EC3,49018.06
2022-09-01,2022-09-30,EC3,42559.03
2022-10-01,2022-10-31,EC3,39112.65
2022-11-01,2022-11-30,EC3,38157.38
2022-12-01,2022-12-31,EC3,36672.07
2023-01-01,2023-01-31,EC3,39489.58042
2023-02-01,2023-02-28,EC3,36225.37891
2023-03-01,2023-03-31,EC3,38915.232
2023-04-01,2023-04-30,EC3,36845.232
2023-05-01,2023-05-31,EC3,43590.912
2023-06-01,2023-06-30,EC3,44196.48
2023-07-01,2023-07-31,EC3,47369.304
2023-08-01,2023-08-31,EC3,46720.512
2023-09-01,2023-09-30,EC3,42606.288
2023-10-01,2023-10-31,EC3,42995.088
2023-11-01,2023-11-30,EC3,39772.368
2023-12-01,2023-12-31,EC3,38591.616
2024-01-01,2024-01-31,EC3,39039.04
2024-02-01,2024-02-29,EC3,34941.45
2024-03-01,2024-03-31,EC3,38200.4
2024-04-01,2024-04-30,EC3,38132.2
2024-05-01,2024-05-31,EC3,46711.9
2024-06-01,2024-06-30,EC3,46616
2024-07-01,2024-07-31,EC3,49816
2024-08-01,2024-08-31,EC3,48010
2024-09-01,2024-09-30,EC3,42933
2024-10-01,2024-10-31,EC3,42110.7
2024-11-01,2024-11-30,EC3,36847
2024-12-01,2024-12-31,EC3,35356
2015-01-01,2015-01-31,EC4,
2015-02-01,2015-02-28,EC4,
2015-03-01,2015-03-31,EC4,
2015-04-01,2015-04-30,EC4,
2015-05-01,2015-05-31,EC4,
2015-06-01,2015-06-30,EC4,
2015-07-01,2015-07-31,EC4,54308.88
2015-08-01,2015-08-31,EC4,32460.48
2015-09-01,2015-09-30,EC4,27154.44
2015-10-01,2015-10-31,EC4,28715.04
2015-11-01,2015-11-30,EC4,29339.28
2015-12-01,2015-12-31,EC4,28715.04
2016-01-01,2016-01-31,EC4,40263.48
2016-02-01,2016-02-29,EC4,30153.42
2016-03-01,2016-03-31,EC4,31707.72
2016-04-01,2016-04-30,EC4,34505.46
2016-05-01,2016-05-31,EC4,30775.14
2016-06-01,2016-06-30,EC4,32018.58
2016-07-01,2016-07-31,EC4,77404.14
2016-08-01,2016-08-31,EC4,93258
2016-09-01,2016-09-30,EC4,95434.02
2016-10-01,2016-10-31,EC4,73984.68
2016-11-01,2016-11-30,EC4,64658.88
2016-12-01,2016-12-31,EC4,68389.2
2017-01-01,2017-01-31,EC4,65280.6
2017-02-01,2017-02-28,EC4,70876.08
2017-03-01,2017-03-31,EC4,72906.61752
2017-04-01,2017-04-30,EC4,76118.7339
2017-05-01,2017-05-31,EC4,66664.23786
2017-06-01,2017-06-30,EC4,82558.50966
2017-07-01,2017-07-31,EC4,92338.78698
2017-08-01,2017-08-31,EC4,87580.76382
2017-09-01,2017-09-30,EC4,94980.78612
2017-10-01,2017-10-31,EC4,84824.05734
2017-11-01,2017-11-30,EC4,70509.2652
2017-12-01,2017-12-31,EC4,74567.5425
2018-01-01,2018-01-31,EC4,68390.13258
2018-02-01,2018-02-28,EC4,77950.01016
2018-03-01,2018-03-31,EC4,66761.8479
2018-04-01,2018-04-30,EC4,73797.85314
2018-05-01,2018-05-31,EC4,68192.42562
2018-06-01,2018-06-30,EC4,102695.7096
2018-07-01,2018-07-31,EC4,101408.7492
2018-08-01,2018-08-31,EC4,102978.2813
2018-09-01,2018-09-30,EC4,128640.7069
2018-10-01,2018-10-31,EC4,70448.6475
2018-11-01,2018-11-30,EC4,83422.70046
2018-12-01,2018-12-31,EC4,74194.5105
2019-01-01,2019-01-31,EC4,81348.64254
2019-02-01,2019-02-28,EC4,73193.85216
2019-03-01,2019-03-31,EC4,76121.22078
2019-04-01,2019-04-30,EC4,87773.31392
2019-05-01,2019-05-31,EC4,104138.4109
2019-06-01,2019-06-30,EC4,99893.61756
2019-07-01,2019-07-31,EC4,128877.5822
2019-08-01,2019-08-31,EC4,101627.59
2019-09-01,2019-09-30,EC4,88664.4
2019-10-01,2019-10-31,EC4,80493.66
2019-11-01,2019-11-30,EC4,61047.06
2019-12-01,2019-12-31,EC4,68062.455
2020-01-01,2020-01-31,EC4,73524.54
2020-02-01,2020-02-29,EC4,71872.69
2020-03-01,2020-03-31,EC4,64911.3
2020-04-01,2020-04-30,EC4,53829.945
2020-05-01,2020-05-31,EC4,67215.135
2020-06-01,2020-06-30,EC4,87941.64
2020-07-01,2020-07-31,EC4,93425.595
2020-08-01,2020-08-31,EC4,90254.805
2020-09-01,2020-09-30,EC4,70548.375
2020-10-01,2020-10-31,EC4,60380.175
2020-11-01,2020-11-30,EC4,59279.91
2020-12-01,2020-12-31,EC4,54827.175
2021-01-01,2021-01-31,EC4,59514.12215
2021-02-01,2021-02-28,EC4,55351.16014
2021-03-01,2021-03-31,EC4,63002.52926
2021-04-01,2021-04-30,EC4,59722.215
2021-05-01,2021-05-31,EC4,69960.945
2021-06-01,2021-06-30,EC4,88347.33
2021-07-01,2021-07-31,EC4,91657.575
2021-08-01,2021-08-31,EC4,89474.31
2021-09-01,2021-09-30,EC4,78606.6
2021-10-01,2021-10-31,EC4,79431.6
2021-11-01,2021-11-30,EC4,66746.43
2021-12-01,2021-12-31,EC4,64602.84
2022-01-01,2022-01-31,EC4,67254.77
2022-02-01,2022-02-28,EC4,65591.37
2022-03-01,2022-03-31,EC4,74770.83
2022-04-01,2022-04-30,EC4,73997.15
2022-05-01,2022-05-31,EC4,89645.21
2022-06-01,2022-06-30,EC4,96071.38
2022-07-01,2022-07-31,EC4,103903.38
2022-08-01,2022-08-31,EC4,105415.91
2022-09-01,2022-09-30,EC4,89917.89
2022-10-01,2022-10-31,EC4,83254.41
2022-11-01,2022-11-30,EC4,78146.1
2022-12-01,2022-12-31,EC4,76004.3
2023-01-01,2023-01-31,EC4,77382
2023-02-01,2023-02-28,EC4,76172.47703
2023-03-01,2023-03-31,EC4,81853.11
2023-04-01,2023-04-30,EC4,74668.215
2023-05-01,2023-05-31,EC4,81739.215
2023-06-01,2023-06-30,EC4,84584.58
2023-07-01,2023-07-31,EC4,97615.08
2023-08-01,2023-08-31,EC4,92127.6
2023-09-01,2023-09-30,EC4,81815.885
2023-10-01,2023-10-31,EC4,77540.07
2023-11-01,2023-11-30,EC4,64251.815
2023-12-01,2023-12-31,EC4,60542.07
2024-01-01,2024-01-31,EC4,65749.59
2024-02-01,2024-02-29,EC4,65313.1
2024-03-01,2024-03-31,EC4,69269.6
2024-04-01,2024-04-30,EC4,62498.23
2024-05-01,2024-05-31,EC4,76810
2024-06-01,2024-06-30,EC4,86013
2024-07-01,2024-07-31,EC4,92685
2024-08-01,2024-08-31,EC4,87700
2024-09-01,2024-09-30,EC4,78070
2024-10-01,2024-10-31,EC4,67529.3
2024-11-01,2024-11-30,EC4,59633.7
2024-12-01,2024-12-31,EC4,60526
2015-01-01,2015-01-31,EC5,
2015-02-01,2015-02-28,EC5,
2015-03-01,2015-03-31,EC5,
2015-04-01,2015-04-30,EC5,
2015-05-01,2015-05-31,EC5,
2015-06-01,2015-06-30,EC5,
2015-07-01,2015-07-31,EC5,
2015-08-01,2015-08-31,EC5,
2015-09-01,2015-09-30,EC5,
2015-10-01,2015-10-31,EC5,150751.4
2015-11-01,2015-11-30,EC5,127111.5
2015-12-01,2015-12-31,EC5,119002.52
2016-01-01,2016-01-31,EC5,127894.49
2016-02-01,2016-02-29,EC5,126604.61
2016-03-01,2016-03-31,EC5,118690.55
2016-04-01,2016-04-30,EC5,133046.78
2016-05-01,2016-05-31,EC5,140437.63
2016-06-01,2016-06-30,EC5,170872.74
2016-07-01,2016-07-31,EC5,181559.28
2016-08-01,2016-08-31,EC5,190131.82
2016-09-01,2016-09-30,EC5,194925.75
2016-10-01,2016-10-31,EC5,184555.13
2016-11-01,2016-11-30,EC5,159020.44
2016-12-01,2016-12-31,EC5,142284.62
2017-01-01,2017-01-31,EC5,131836.89
2017-02-01,2017-02-28,EC5,136544.42
2017-03-01,2017-03-31,EC5,122324.1043
2017-04-01,2017-04-30,EC5,133647.7497
2017-05-01,2017-05-31,EC5,138669.1956
2017-06-01,2017-06-30,EC5,154586.7715
2017-07-01,2017-07-31,EC5,173828.5703
2017-08-01,2017-08-31,EC5,18705.69575
2017-09-01,2017-09-30,EC5,185806.576
2017-10-01,2017-10-31,EC5,175621.9631
2017-11-01,2017-11-30,EC5,160848.9944
2017-12-01,2017-12-31,EC5,128416.0484
2018-01-01,2018-01-31,EC5,130995.9688
2018-02-01,2018-02-28,EC5,133225.6857
2018-03-01,2018-03-31,EC5,123616.9203
2018-04-01,2018-04-30,EC5,139908.2214
2018-05-01,2018-05-31,EC5,131747.0584
2018-06-01,2018-06-30,EC5,186610.6362
2018-07-01,2018-07-31,EC5,182506.6832
2018-08-01,2018-08-31,EC5,190345.3186
2018-09-01,2018-09-30,EC5,175668.3538
2018-10-01,2018-10-31,EC5,155348.1402
2018-11-01,2018-11-30,EC5,134446.4734
2018-12-01,2018-12-31,EC5,116531.9949
2019-01-01,2019-01-31,EC5,120323.2642
2019-02-01,2019-02-28,EC5,107664.6927
2019-03-01,2019-03-31,EC5,119487.973
2019-04-01,2019-04-30,EC5,123325.747
2019-05-01,2019-05-31,EC5,142476.1529
2019-06-01,2019-06-30,EC5,158399.7388
2019-07-01,2019-07-31,EC5,181506.2321
2019-08-01,2019-08-31,EC5,174280.3846
2019-09-01,2019-09-30,EC5,153590.72
2019-10-01,2019-10-31,EC5,134533.61
2019-11-01,2019-11-30,EC5,118755.72
2019-12-01,2019-12-31,EC5,116373.68
2020-01-01,2020-01-31,EC5,119115.4
2020-02-01,2020-02-29,EC5,114197.1
2020-03-01,2020-03-31,EC5,114102.31
2020-04-01,2020-04-30,EC5,101143.96
2020-05-01,2020-05-31,EC5,114120.42
2020-06-01,2020-06-30,EC5,122373.16
2020-07-01,2020-07-31,EC5,143237.45
2020-08-01,2020-08-31,EC5,133875.96
2020-09-01,2020-09-30,EC5,110426.64
2020-10-01,2020-10-31,EC5,93634.36
2020-11-01,2020-11-30,EC5,88543.09
2020-12-01,2020-12-31,EC5,93015.44
2021-01-01,2021-01-31,EC5,94522.82788
2021-02-01,2021-02-28,EC5,86572.20012
2021-03-01,2021-03-31,EC5,97338.18129
2021-04-01,2021-04-30,EC5,90980.81
2021-05-01,2021-05-31,EC5,35581.69468
2021-06-01,2021-06-30,EC5,150.2822
2021-07-01,2021-07-31,EC5,157.42895
2021-08-01,2021-08-31,EC5,141686.055
2021-09-01,2021-09-30,EC5,111149.46
2021-10-01,2021-10-31,EC5,111243.15
2021-11-01,2021-11-30,EC5,98954.1
2021-12-01,2021-12-31,EC5,98901.315
2022-01-01,2022-01-31,EC5,101809.22
2022-02-01,2022-02-28,EC5,93754.94
2022-03-01,2022-03-31,EC5,121997.12
2022-04-01,2022-04-30,EC5,122581.89
2022-05-01,2022-05-31,EC5,132246.58
2022-06-01,2022-06-30,EC5,133068.55
2022-07-01,2022-07-31,EC5,141355.89
2022-08-01,2022-08-31,EC5,161270.73
2022-09-01,2022-09-30,EC5,136783.66
2022-10-01,2022-10-31,EC5,108592.92
2022-11-01,2022-11-30,EC5,118514.7
2022-12-01,2022-12-31,EC5,105178.23
2023-01-01,2023-01-31,EC5,110392.0098
2023-02-01,2023-02-28,EC5,100834.2393
2023-03-01,2023-03-31,EC5,108451.89
2023-04-01,2023-04-30,EC5,114495.075
2023-05-01,2023-05-31,EC5,131985.09
2023-06-01,2023-06-30,EC5,125752.725
2023-07-01,2023-07-31,EC5,137739.465
2023-08-01,2023-08-31,EC5,127801.08
2023-09-01,2023-09-30,EC5,116347.59
2023-10-01,2023-10-31,EC5,122005.395
2023-11-01,2023-11-30,EC5,118999.8
2023-12-01,2023-12-31,EC5,101378.52
2024-01-01,2024-01-31,EC5,111958
2024-02-01,2024-02-29,EC5,107842.08
2024-03-01,2024-03-31,EC5,109568.8
2024-04-01,2024-04-30,EC5,110122.35
2024-05-01,2024-05-31,EC5,128524
2024-06-01,2024-06-30,EC5,133635
2024-07-01,2024-07-31,EC5,141065
2024-08-01,2024-08-31,EC5,132525
2024-09-01,2024-09-30,EC5,119083
2024-10-01,2024-10-31,EC5,120672.4
2024-11-01,2024-11-30,EC5,106975
2024-12-01,2024-12-31,EC5,109110
2015-01-01,2015-01-31,ECH,704894.45
2015-02-01,2015-02-28,ECH,648494.99
2015-03-01,2015-03-31,ECH,704551.37
2015-04-01,2015-04-30,ECH,644604.2
2015-05-01,2015-05-31,ECH,768158.12
2015-06-01,2015-06-30,ECH,765962.74
2015-07-01,2015-07-31,ECH,880944.63
2015-08-01,2015-08-31,ECH,837458.22
2015-09-01,2015-09-30,ECH,791002.43
2015-10-01,2015-10-31,ECH,642513.18
2015-11-01,2015-11-30,ECH,62352.25
2015-12-01,2015-12-31,ECH,568040.18
2016-01-01,2016-01-31,ECH,660450.34
2016-02-01,2016-02-29,ECH,645234.19
2016-03-01,2016-03-31,ECH,678835.49
2016-04-01,2016-04-30,ECH,643298.41
2016-05-01,2016-05-31,ECH,745409.56
2016-06-01,2016-06-30,ECH,772059.25
2016-07-01,2016-07-31,ECH,916039.42
2016-08-01,2016-08-31,ECH,907632.24
2016-09-01,2016-09-30,ECH,785276.79
2016-10-01,2016-10-31,ECH,731718.41
2016-11-01,2016-11-30,ECH,710327.33
2016-12-01,2016-12-31,ECH,674389.58
2017-01-01,2017-01-31,ECH,687703.72
2017-02-01,2017-02-28,ECH,634201.6212
2017-03-01,2017-03-31,ECH,711150.6426
2017-04-01,2017-04-30,ECH,660403.5138
2017-05-01,2017-05-31,ECH,717550.138
2017-06-01,2017-06-30,ECH,807107.2316
2017-07-01,2017-07-31,ECH,914278.1996
2017-08-01,2017-08-31,ECH,874634.8337
2017-09-01,2017-09-30,ECH,789061.3666
2017-10-01,2017-10-31,ECH,752575.3249
2017-11-01,2017-11-30,ECH,706688.9859
2017-12-01,2017-12-31,ECH,677637.4486
2018-01-01,2018-01-31,ECH,728424.6363
2018-02-01,2018-02-28,ECH,687508.3696
2018-03-01,2018-03-31,ECH,777624.8629
2018-04-01,2018-04-30,ECH,749551.4314
2018-05-01,2018-05-31,ECH,889451.8634
2018-06-01,2018-06-30,ECH,908548.802
2018-07-01,2018-07-31,ECH,1029918.732
2018-08-01,2018-08-31,ECH,990967.7565
2018-09-01,2018-09-30,ECH,928063.5748
2018-10-01,2018-10-31,ECH,822432.29
2018-11-01,2018-11-30,ECH,788085.51
2018-12-01,2018-12-31,ECH,754787.36
2019-01-01,2019-01-31,ECH,800723.4725
2019-02-01,2019-02-28,ECH,742305.8453
2019-03-01,2019-03-31,ECH,852591.3292
2019-04-01,2019-04-30,ECH,787082.5763
2019-05-01,2019-05-31,ECH,842349.6089
2019-06-01,2019-06-30,ECH,910634.8026
2019-07-01,2019-07-31,ECH,1092933.417
2019-08-01,2019-08-31,ECH,960780.4927
2019-09-01,2019-09-30,ECH,873702.14
2019-10-01,2019-10-31,ECH,790219.67
2019-11-01,2019-11-30,ECH,781990.86
2019-12-01,2019-12-31,ECH,745181.42
2020-01-01,2020-01-31,ECH,781570.27
2020-02-01,2020-02-29,ECH,737012.77
2020-03-01,2020-03-31,ECH,737637.83
2020-04-01,2020-04-30,ECH,599532.91
2020-05-01,2020-05-31,ECH,674113.78
2020-06-01,2020-06-30,ECH,794798.63
2020-07-01,2020-07-31,ECH,931821.83
2020-08-01,2020-08-31,ECH,857811.7
2020-09-01,2020-09-30,ECH,739831.29
2020-10-01,2020-10-31,ECH,690526.26
2020-11-01,2020-11-30,ECH,689751.65
2020-12-01,2020-12-31,ECH,695429.85
2021-01-01,2021-01-31,ECH,709792.2172
2021-02-01,2021-02-28,ECH,656357.825
2021-03-01,2021-03-31,ECH,738416.5782
2021-04-01,2021-04-30,ECH,709613.71
2021-05-01,2021-05-31,ECH,789421.18
2021-06-01,2021-06-30,ECH,863986.51
2021-07-01,2021-07-31,ECH,886066.12
2021-08-01,2021-08-31,ECH,927290.19
2021-09-01,2021-09-30,ECH,795174.33
2021-10-01,2021-10-31,ECH,786964.69
2021-11-01,2021-11-30,ECH,738791.26
2021-12-01,2021-12-31,ECH,721914.13
2022-01-01,2022-01-31,ECH,725093.26
2022-02-01,2022-02-28,ECH,680272.17
2022-03-01,2022-03-31,ECH,787235.27
2022-04-01,2022-04-30,ECH,737145.22
2022-05-01,2022-05-31,ECH,860493.64
2022-06-01,2022-06-30,ECH,911604.06
2022-07-01,2022-07-31,ECH,1004693.71
2022-08-01,2022-08-31,ECH,974509.63
2022-09-01,2022-09-30,ECH,857979.53
2022-10-01,2022-10-31,ECH,783472.07
2022-11-01,2022-11-30,ECH,795990.58
2022-12-01,2022-12-31,ECH,760765.07
2023-01-01,2023-01-31,ECH,800830.92
2023-02-01,2023-02-28,ECH,754034.66
2023-03-01,2023-03-31,ECH,841746.11
2023-04-01,2023-04-30,ECH,801421.16
2023-05-01,2023-05-31,ECH,865125.61
2023-06-01,2023-06-30,ECH,914664.35
2023-07-01,2023-07-31,ECH,999378.29
2023-08-01,2023-08-31,ECH,821258.18
2023-09-01,2023-09-30,ECH,866641.91
2023-10-01,2023-10-31,ECH,818102.41
2023-11-01,2023-11-30,ECH,792719.03
2023-12-01,2023-12-31,ECH,745509.9
2024-01-01,2024-01-31,ECH,786400
2024-02-01,2024-02-29,ECH,744019.52
2024-03-01,2024-03-31,ECH,829085
2024-04-01,2024-04-30,ECH,768497.2
2024-05-01,2024-05-31,ECH,887588
2024-06-01,2024-06-30,ECH,938337.15
2024-07-01,2024-07-31,ECH,1017328.5
2024-08-01,2024-08-31,ECH,946254
2024-09-01,2024-09-30,ECH,878199
2024-10-01,2024-10-31,ECH,819084
2024-11-01,2024-11-30,ECH,772831.91
2024-12-01,2024-12-31,ECH,736543
2015-01-01,2015-01-31,GC,3315.02
2015-02-01,2015-02-28,GC,
2015-03-01,2015-03-31,GC,3275.13
2015-04-01,2015-04-30,GC,
2015-05-01,2015-05-31,GC,1688.69
2015-06-01,2015-06-30,GC,
2015-07-01,2015-07-31,GC,327.25
2015-08-01,2015-08-31,GC,
2015-09-01,2015-09-30,GC,165.82
2015-10-01,2015-10-31,GC,
2015-11-01,2015-11-30,GC,610.85
2015-12-01,2015-12-31,GC,
2016-01-01,2016-01-31,GC,1934.07
2016-02-01,2016-02-29,GC,
2016-03-01,2016-03-31,GC,3038.24
2016-04-01,2016-04-30,GC,
2016-05-01,2016-05-31,GC,1772.38
2016-06-01,2016-06-30,GC,
2016-07-01,2016-07-31,GC,205.32
2016-08-01,2016-08-31,GC,
2016-09-01,2016-09-30,GC,150.06
2016-10-01,2016-10-31,GC,
2016-11-01,2016-11-30,GC,491.34
2016-12-01,2016-12-31,GC,
2017-01-01,2017-01-31,GC,2813.21
2017-02-01,2017-02-28,GC,
2017-03-01,2017-03-31,GC,2839.14655
2017-04-01,2017-04-30,GC,1224.28066
2017-05-01,2017-05-31,GC,508.63949
2017-06-01,2017-06-30,GC,101.53724
2017-07-01,2017-07-31,GC,60.4001
2017-08-01,2017-08-31,GC,74.0054
2017-09-01,2017-09-30,GC,87.62107
2017-10-01,2017-10-31,GC,125.69106
2017-11-01,2017-11-30,GC,641.52178
2017-12-01,2017-12-31,GC,1386.20764
2018-01-01,2018-01-31,GC,1963.70262
2018-02-01,2018-02-28,GC,1775.51834
2018-03-01,2018-03-31,GC,1164.89604
2018-04-01,2018-04-30,GC,1463.59105
2018-05-01,2018-05-31,GC,755.57632
2018-06-01,2018-06-30,GC,79.60088
2018-07-01,2018-07-31,GC,67.954
2018-08-01,2018-08-31,GC,75.44572
2018-09-01,2018-09-30,GC,84.29487
2018-10-01,2018-10-31,GC,170.5
2018-11-01,2018-11-30,GC,960.95
2018-12-01,2018-12-31,GC,1167.57
2019-01-01,2019-01-31,GC,1670.63
2019-02-01,2019-02-28,GC,1416.09
2019-03-01,2019-03-31,GC,967.95
2019-04-01,2019-04-30,GC,682.26
2019-05-01,2019-05-31,GC,238.62
2019-06-01,2019-06-30,GC,57.81
2019-07-01,2019-07-31,GC,1.85
2019-08-01,2019-08-31,GC,19.33
2019-09-01,2019-09-30,GC,162.16
2019-10-01,2019-10-31,GC,851.59
2019-11-01,2019-11-30,GC,1236.83
2019-12-01,2019-12-31,GC,1434.08
2020-01-01,2020-01-31,GC,1408.09
2020-02-01,2020-02-29,GC,1290.36
2020-03-01,2020-03-31,GC,994.8
2020-04-01,2020-04-30,GC,488.29
2020-05-01,2020-05-31,GC,97.84
2020-06-01,2020-06-30,GC,51.04
2020-07-01,2020-07-31,GC,52.5
2020-08-01,2020-08-31,GC,120.99
2020-09-01,2020-09-30,GC,146.41
2020-10-01,2020-10-31,GC,650.94
2020-11-01,2020-11-30,GC,1143.42
2020-12-01,2020-12-31,GC,1566.4
2021-01-01,2021-01-31,GC,1556.48
2021-02-01,2021-02-28,GC,1287.75
2021-03-01,2021-03-31,GC,554
2021-04-01,2021-04-30,GC,399.84
2021-05-01,2021-05-31,GC,130.36
2021-06-01,2021-06-30,GC,101.22
2021-07-01,2021-07-31,GC,105.1
2021-08-01,2021-08-31,GC,126.25
2021-09-01,2021-09-30,GC,165.03
2021-10-01,2021-10-31,GC,543.83
2021-11-01,2021-11-30,GC,1084.56
2021-12-01,2021-12-31,GC,1406.94
2022-01-01,2022-01-31,GC,1465.24
2022-02-01,2022-02-28,GC,1243.91
2022-03-01,2022-03-31,GC,1061.88
2022-04-01,2022-04-30,GC,623.83
2022-05-01,2022-05-31,GC,130.27
2022-06-01,2022-06-30,GC,107.89
2022-07-01,2022-07-31,GC,109.64
2022-08-01,2022-08-31,GC,233.74
2022-09-01,2022-09-30,GC,257.2
2022-10-01,2022-10-31,GC,599.7
2022-11-01,2022-11-30,GC,1090.44
2022-12-01,2022-12-31,GC,1424.28
2023-01-01,2023-01-31,GC,1669.09
2023-02-01,2023-02-28,GC,1541.54
2023-03-01,2023-03-31,GC,1032.6
2023-04-01,2023-04-30,GC,529.24
2023-05-01,2023-05-31,GC,204.03
2023-06-01,2023-06-30,GC,105.44
2023-07-01,2023-07-31,GC,116.36
2023-08-01,2023-08-31,GC,143.39
2023-09-01,2023-09-30,GC,238.95
2023-10-01,2023-10-31,GC,529.24
2023-11-01,2023-11-30,GC,1104.5
2023-12-01,2023-12-31,GC,1263.4
2024-01-01,2024-01-31,GC,1531.06
2024-02-01,2024-02-29,GC,1213.33
2024-03-01,2024-03-31,GC,967.79
2024-04-01,2024-04-30,GC,464.5
2024-05-01,2024-05-31,GC,85.95
2024-06-01,2024-06-30,GC,72.03
2024-07-01,2024-07-31,GC,65.95
2024-08-01,2024-08-31,GC,78.18
2024-09-01,2024-09-30,GC,105.2
2024-10-01,2024-10-31,GC,408.29
2024-11-01,2024-11-30,GC,975.82
2024-12-01,2024-12-31,GC,1478
2015-01-01,2015-01-31,RA2,73972.44
2015-02-01,2015-02-28,RA2,72848.81
2015-03-01,2015-03-31,RA2,101314.15
2015-04-01,2015-04-30,RA2,102437.78
2015-05-01,2015-05-31,RA2,99628.7
2015-06-01,2015-06-30,RA2,116670.46
2015-07-01,2015-07-31,RA2,136334.02
2015-08-01,2015-08-31,RA2,118355.9
2015-09-01,2015-09-30,RA2,119479.54
2015-10-01,2015-10-31,RA2,118917.72
2015-11-01,2015-11-30,RA2,94197.82
2015-12-01,2015-12-31,RA2,121164.98
2016-01-01,2016-01-31,RA2,73972.44
2016-02-01,2016-02-29,RA2,97734.38
2016-03-01,2016-03-31,RA2,117505.08
2016-04-01,2016-04-30,RA2,110603.99
2016-05-01,2016-05-31,RA2,130001.65
2016-06-01,2016-06-30,RA2,171594.72
2016-07-01,2016-07-31,RA2,162268.92
2016-08-01,2016-08-31,RA2,197893.48
2016-09-01,2016-09-30,RA2,149026.28
2016-10-01,2016-10-31,RA2,130561.2
2016-11-01,2016-11-30,RA2,150145.38
2016-12-01,2016-12-31,RA2,126830.88
2017-01-01,2017-01-31,RA2,132426.36
2017-02-01,2017-02-28,RA2,126084.816
2017-03-01,2017-03-31,RA2,140633.064
2017-04-01,2017-04-30,RA2,121608.432
2017-05-01,2017-05-31,RA2,160030.728
2017-06-01,2017-06-30,RA2,161895.888
2017-07-01,2017-07-31,RA2,164134.08
2017-08-01,2017-08-31,RA2,182412.648
2017-09-01,2017-09-30,RA2,143057.772
2017-10-01,2017-10-31,RA2,145295.964
2017-11-01,2017-11-30,RA2,142684.74
2017-12-01,2017-12-31,RA2,124406.172
2018-01-01,2018-01-31,RA2,124406.172
2018-02-01,2018-02-28,RA2,126457.848
2018-03-01,2018-03-31,RA2,139887
2018-04-01,2018-04-30,RA2,121235.4
2018-05-01,2018-05-31,RA2,140446.548
2018-06-01,2018-06-30,RA2,145109.448
2018-07-01,2018-07-31,RA2,17062.14
2018-08-01,2018-08-31,RA2,167491.368
2018-09-01,2018-09-30,RA2,207032.76
2018-10-01,2018-10-31,RA2,158538.6
2018-11-01,2018-11-30,RA2,141565.844
2018-12-01,2018-12-31,RA2,122914.044
2019-01-01,2019-01-31,RA2,145109.448
2019-02-01,2019-02-28,RA2,131307.264
2019-03-01,2019-03-31,RA2,141192.612
2019-04-01,2019-04-30,RA2,144363.384
2019-05-01,2019-05-31,RA2,171967.752
2019-06-01,2019-06-30,RA2,176444.136
2019-07-01,2019-07-31,RA2,213001.272
2019-08-01,2019-08-31,RA2,177003.684
2019-09-01,2019-09-30,RA2,141120
2019-10-01,2019-10-31,RA2,158349.11
2019-11-01,2019-11-30,RA2,146645.4
2019-12-01,2019-12-31,RA2,142438.35
2020-01-01,2020-01-31,RA2,140566.49
2020-02-01,2020-02-29,RA2,140111.85
2020-03-01,2020-03-31,RA2,126594.94
2020-04-01,2020-04-30,RA2,88170.02
2020-05-01,2020-05-31,RA2,111216.66
2020-06-01,2020-06-30,RA2,127288.07
2020-07-01,2020-07-31,RA2,151365.91
2020-08-01,2020-08-31,RA2,142360.77
2020-09-01,2020-09-30,RA2,124170.28
2020-10-01,2020-10-31,RA2,119704.81
2020-11-01,2020-11-30,RA2,128021.61
2020-12-01,2020-12-31,RA2,128614.54
2021-01-01,2021-01-31,RA2,140183.5127
2021-02-01,2021-02-28,RA2,135700.0218
2021-03-01,2021-03-31,RA2,148759.0476
2021-04-01,2021-04-30,RA2,142548.38
2021-05-01,2021-05-31,RA2,160678.54
2021-06-01,2021-06-30,RA2,186784.885
2021-07-01,2021-07-31,RA2,203507.721
2021-08-01,2021-08-31,RA2,221894.919
2021-09-01,2021-09-30,RA2,187423.749
2021-10-01,2021-10-31,RA2,193653.315
2021-11-01,2021-11-30,RA2,183364.119
2021-12-01,2021-12-31,RA2,170173.485
2022-01-01,2022-01-31,RA2,166819.22
2022-02-01,2022-02-28,RA2,163233.32
2022-03-01,2022-03-31,RA2,181574.88
2022-04-01,2022-04-30,RA2,182246.82
2022-05-01,2022-05-31,RA2,201855.99
2022-06-01,2022-06-30,RA2,206369.3
2022-07-01,2022-07-31,RA2,227224.58
2022-08-01,2022-08-31,RA2,226686.3
2022-09-01,2022-09-30,RA2,199515.2
2022-10-01,2022-10-31,RA2,191245.75
2022-11-01,2022-11-30,RA2,183230.99
2022-12-01,2022-12-31,RA2,179791.59
2023-01-01,2023-01-31,RA2,183562.78
2023-02-01,2023-02-28,RA2,175809.62
2023-03-01,2023-03-31,RA2,193626.31
2023-04-01,2023-04-30,RA2,175801.82
2023-05-01,2023-05-31,RA2,202576.48
2023-06-01,2023-06-30,RA2,225112.63
2023-07-01,2023-07-31,RA2,243999.08
2023-08-01,2023-08-31,RA2,216835.35
2023-09-01,2023-09-30,RA2,21106.55
2023-10-01,2023-10-31,RA2,203105.45
2023-11-01,2023-11-30,RA2,170640.85
2023-12-01,2023-12-31,RA2,163955.52
2024-01-01,2024-01-31,RA2,182437.5
2024-02-01,2024-02-29,RA2,157368
2024-03-01,2024-03-31,RA2,169304.6
2024-04-01,2024-04-30,RA2,178709
2024-05-01,2024-05-31,RA2,210298.2
2024-06-01,2024-06-30,RA2,235709
2024-07-01,2024-07-31,RA2,255414.04
2024-08-01,2024-08-31,RA2,245753.08
2024-09-01,2024-09-30,RA2,225731.73
2024-10-01,2024-10-31,RA2,210552.33
2024-11-01,2024-11-30,RA2,191745.79
2024-12-01,2024-12-31,RA2,180942.75
2015-01-01,2015-01-31,RAC,78802.19
2015-02-01,2015-02-28,RAC,81545.35
2015-03-01,2015-03-31,RAC,88863.9
2015-04-01,2015-04-30,RAC,88821.69
2015-05-01,2015-05-31,RAC,111854.07
2015-06-01,2015-06-30,RAC,107655.6
2015-07-01,2015-07-31,RAC,110803.55
2015-08-01,2015-08-31,RAC,101243.63
2015-09-01,2015-09-30,RAC,94635.91
2015-10-01,2015-10-31,RAC,79637.49
2015-11-01,2015-11-30,RAC,75618.26
2015-12-01,2015-12-31,RAC,72920.71
2016-01-01,2016-01-31,RAC,71324.92
2016-02-01,2016-02-29,RAC,68441.35
2016-03-01,2016-03-31,RAC,73158.65
2016-04-01,2016-04-30,RAC,70809.35
2016-05-01,2016-05-31,RAC,92357.38
2016-06-01,2016-06-30,RAC,111694
2016-07-01,2016-07-31,RAC,141567.18
2016-08-01,2016-08-31,RAC,147115.33
2016-09-01,2016-09-30,RAC,128212.45
2016-10-01,2016-10-31,RAC,110532.68
2016-11-01,2016-11-30,RAC,95289.82
2016-12-01,2016-12-31,RAC,82697.75
2017-01-01,2017-01-31,RAC,78747.16
2017-02-01,2017-02-28,RAC,81775.31861
2017-03-01,2017-03-31,RAC,92659.09712
2017-04-01,2017-04-30,RAC,90268.92567
2017-05-01,2017-05-31,RAC,100415.0074
2017-06-01,2017-06-30,RAC,111952.623
2017-07-01,2017-07-31,RAC,132610.8761
2017-08-01,2017-08-31,RAC,125277.9271
2017-09-01,2017-09-30,RAC,109280.5948
2017-10-01,2017-10-31,RAC,96425.86028
2017-11-01,2017-11-30,RAC,89942.86462
2017-12-01,2017-12-31,RAC,86533.54901
2018-01-01,2018-01-31,RAC,87315.67277
2018-02-01,2018-02-28,RAC,85138.75128
2018-03-01,2018-03-31,RAC,94289.09153
2018-04-01,2018-04-30,RAC,86815.25035
2018-05-01,2018-05-31,RAC,109795.3375
2018-06-01,2018-06-30,RAC,119291.6442
2018-07-01,2018-07-31,RAC,136725.9579
2018-08-01,2018-08-31,RAC,142929.6355
2018-09-01,2018-09-30,RAC,116235.8283
2018-10-01,2018-10-31,RAC,97884.633
2018-11-01,2018-11-30,RAC,92254.19161
2018-12-01,2018-12-31,RAC,93318.78349
2019-01-01,2019-01-31,RAC,93328.7621
2019-02-01,2019-02-28,RAC,87337.39153
2019-03-01,2019-03-31,RAC,101024.7335
2019-04-01,2019-04-30,RAC,99111.4109
2019-05-01,2019-05-31,RAC,103447.2137
2019-06-01,2019-06-30,RAC,120217.033
2019-07-01,2019-07-31,RAC,146861.3099
2019-08-01,2019-08-31,RAC,131250.4492
2019-09-01,2019-09-30,RAC,106320.49
2019-10-01,2019-10-31,RAC,95641.6
2019-11-01,2019-11-30,RAC,99228.07
2019-12-01,2019-12-31,RAC,95401.83
2020-01-01,2020-01-31,RAC,95418.03
2020-02-01,2020-02-29,RAC,87696.58
2020-03-01,2020-03-31,RAC,87823.58
2020-04-01,2020-04-30,RAC,74124.63
2020-05-01,2020-05-31,RAC,82644.89
2020-06-01,2020-06-30,RAC,112242.23
2020-07-01,2020-07-31,RAC,137487.93
2020-08-01,2020-08-31,RAC,133860.54
2020-09-01,2020-09-30,RAC,113670.48
2020-10-01,2020-10-31,RAC,94751.68
2020-11-01,2020-11-30,RAC,91936.57
2020-12-01,2020-12-31,RAC,90203.39
2021-01-01,2021-01-31,RAC,94417.54823
2021-02-01,2021-02-28,RAC,94916.29365
2021-03-01,2021-03-31,RAC,104579.1213
2021-04-01,2021-04-30,RAC,98615.95
2021-05-01,2021-05-31,RAC,109106.457
2021-06-01,2021-06-30,RAC,128608.506
2021-07-01,2021-07-31,RAC,139243.527
2021-08-01,2021-08-31,RAC,147359.133
2021-09-01,2021-09-30,RAC,121097.898
2021-10-01,2021-10-31,RAC,115635.771
2021-11-01,2021-11-30,RAC,104955.3
2021-12-01,2021-12-31,RAC,100130.697
2022-01-01,2022-01-31,RAC,97020.74
2022-02-01,2022-02-28,RAC,93671.66
2022-03-01,2022-03-31,RAC,99081.73
2022-04-01,2022-04-30,RAC,93946.71
2022-05-01,2022-05-31,RAC,108735.71
2022-06-01,2022-06-30,RAC,123916.5
2022-07-01,2022-07-31,RAC,144968.23
2022-08-01,2022-08-31,RAC,143856.81
2022-09-01,2022-09-30,RAC,120346.31
2022-10-01,2022-10-31,RAC,109039.34
2022-11-01,2022-11-30,RAC,103963.07
2022-12-01,2022-12-31,RAC,108113.31
2023-01-01,2023-01-31,RAC,116391.88
2023-02-01,2023-02-28,RAC,105677.03
2023-03-01,2023-03-31,RAC,115134.44
2023-04-01,2023-04-30,RAC,103513.46
2023-05-01,2023-05-31,RAC,117718.88
2023-06-01,2023-06-30,RAC,122710.39
2023-07-01,2023-07-31,RAC,132582.02
2023-08-01,2023-08-31,RAC,128423.71
2023-09-01,2023-09-30,RAC,117507.08
2023-10-01,2023-10-31,RAC,111311.01
2023-11-01,2023-11-30,RAC,95278.84
2023-12-01,2023-12-31,RAC,101151.19
2024-01-01,2024-01-31,RAC,103182.5
2024-02-01,2024-02-29,RAC,96779
2024-03-01,2024-03-31,RAC,103151.52
2024-04-01,2024-04-30,RAC,102704
2024-05-01,2024-05-31,RAC,117147
2024-06-01,2024-06-30,RAC,131652
2024-07-01,2024-07-31,RAC,149803.12
2024-08-01,2024-08-31,RAC,142259.25
2024-09-01,2024-09-30,RAC,125265.22
2024-10-01,2024-10-31,RAC,116301.52
2024-11-01,2024-11-30,RAC,113775.3
2024-12-01,2024-12-31,RAC,103728.59
2015-01-01,2015-01-31,TJB,44169.74
2015-02-01,2015-02-28,TJB,33862.3
2015-03-01,2015-03-31,TJB,44397.69
2015-04-01,2015-04-30,TJB,22274.9
2015-05-01,2015-05-31,TJB,48852.73
2015-06-01,2015-06-30,TJB,32401.12
2015-07-01,2015-07-31,TJB,55736.23
2015-08-01,2015-08-31,TJB,30456.66
2015-09-01,2015-09-30,TJB,49880.37
2015-10-01,2015-10-31,TJB,28731.57
2015-11-01,2015-11-30,TJB,46029.02
2015-12-01,2015-12-31,TJB,25491.08
2016-01-01,2016-01-31,TJB,51509.45
2016-02-01,2016-02-29,TJB,27539.94
2016-03-01,2016-03-31,TJB,54196.7
2016-04-01,2016-04-30,TJB,
2016-05-01,2016-05-31,TJB,51266.75
2016-06-01,2016-06-30,TJB,29967.08
2016-07-01,2016-07-31,TJB,49994.65
2016-08-01,2016-08-31,TJB,34171.57
2016-09-01,2016-09-30,TJB,64748.47
2016-10-01,2016-10-31,TJB,32685.66
2016-11-01,2016-11-30,TJB,55244.16
2016-12-01,2016-12-31,TJB,30757.46
2017-01-01,2017-01-31,TJB,56226.87
2017-02-01,2017-02-28,TJB,29815.2
2017-03-01,2017-03-31,TJB,53222.60586
2017-04-01,2017-04-30,TJB,47611.51655
2017-05-01,2017-05-31,TJB,41396.43869
2017-06-01,2017-06-30,TJB,47729.49413
2017-07-01,2017-07-31,TJB,50781.93209
2017-08-01,2017-08-31,TJB,49435.99119
2017-09-01,2017-09-30,TJB,49652.77252
2017-10-01,2017-10-31,TJB,45984.91467
2017-11-01,2017-11-30,TJB,40526.71042
2017-12-01,2017-12-31,TJB,46280.99429
2018-01-01,2018-01-31,TJB,43985.46315
2018-02-01,2018-02-28,TJB,51710.65744
2018-03-01,2018-03-31,TJB,43693.47857
2018-04-01,2018-04-30,TJB,47853.99564
2018-05-01,2018-05-31,TJB,43732.13297
2018-06-01,2018-06-30,TJB,52488.9514
2018-07-01,2018-07-31,TJB,54688.67965
2018-08-01,2018-08-31,TJB,55919.63552
2018-09-01,2018-09-30,TJB,60993.46756
2018-10-01,2018-10-31,TJB,41987.13
2018-11-01,2018-11-30,TJB,47601.14
2018-12-01,2018-12-31,TJB,45812.54
2019-01-01,2019-01-31,TJB,46708.78
2019-02-01,2019-02-28,TJB,39312.696
2019-03-01,2019-03-31,TJB,40403.096
2019-04-01,2019-04-30,TJB,40108.664
2019-05-01,2019-05-31,TJB,48577.808
2019-06-01,2019-06-30,TJB,53361.864
2019-07-01,2019-07-31,TJB,67268.248
2019-08-01,2019-08-31,TJB,53979.4892
2019-09-01,2019-09-30,TJB,48445.152
2019-10-01,2019-10-31,TJB,48737.056
2019-11-01,2019-11-30,TJB,43601.952
2019-12-01,2019-12-31,TJB,45320.416
2020-01-01,2020-01-31,TJB,45233.9
2020-02-01,2020-02-29,TJB,41350.02
2020-03-01,2020-03-31,TJB,37535.74
2020-04-01,2020-04-30,TJB,28489.208
2020-05-01,2020-05-31,TJB,16918.104
2020-06-01,2020-06-30,TJB,22137.992
2020-07-01,2020-07-31,TJB,41610.384
2020-08-01,2020-08-31,TJB,39192.312
2020-09-01,2020-09-30,TJB,37229.488
2020-10-01,2020-10-31,TJB,36208.688
2020-11-01,2020-11-30,TJB,34392.336
2020-12-01,2020-12-31,TJB,82127.688
2021-01-01,2021-01-31,TJB,32884.64
2021-02-01,2021-02-28,TJB,33176.728
2021-03-01,2021-03-31,TJB,39730.016
2021-04-01,2021-04-30,TJB,33071.712
2021-05-01,2021-05-31,TJB,36408.344
2021-06-01,2021-06-30,TJB,41267.56
2021-07-01,2021-07-31,TJB,41385.832
2021-08-01,2021-08-31,TJB,40692.368
2021-09-01,2021-09-30,TJB,36842.016
2021-10-01,2021-10-31,TJB,35771.176
2021-11-01,2021-11-30,TJB,37671.12
2021-12-01,2021-12-31,TJB,41080.288
2022-01-01,2022-01-31,TJB,37264.81
2022-02-01,2022-02-28,TJB,33180.56
2022-03-01,2022-03-31,TJB,42431.42
2022-04-01,2022-04-30,TJB,39898.94
2022-05-01,2022-05-31,TJB,44581.79
2022-06-01,2022-06-30,TJB,48271.24
2022-07-01,2022-07-31,TJB,48597.47
2022-08-01,2022-08-31,TJB,54477.79
2022-09-01,2022-09-30,TJB,44649.09
2022-10-01,2022-10-31,TJB,44029.16
2022-11-01,2022-11-30,TJB,41670.26
2022-12-01,2022-12-31,TJB,40030.4
2023-01-01,2023-01-31,TJB,40267.11
2023-02-01,2023-02-28,TJB,40937.77
2023-03-01,2023-03-31,TJB,40997.13
2023-04-01,2023-04-30,TJB,39422.46
2023-05-01,2023-05-31,TJB,44485.4
2023-06-01,2023-06-30,TJB,49751.22
2023-07-01,2023-07-31,TJB,51734.7
2023-08-01,2023-08-31,TJB,50992.61
2023-09-01,2023-09-30,TJB,44042.27
2023-10-01,2023-10-31,TJB,41033.91
2023-11-01,2023-11-30,TJB,36826.76
2023-12-01,2023-12-31,TJB,34870.33
2024-01-01,2024-01-31,TJB,17685.06
2024-02-01,2024-02-29,TJB,41774.95
2024-03-01,2024-03-31,TJB,37319.45
2024-04-01,2024-04-30,TJB,37462.84
2024-05-01,2024-05-31,TJB,42844
2024-06-01,2024-06-30,TJB,42299.73
2024-07-01,2024-07-31,TJB,51836
2024-08-01,2024-08-31,TJB,49666.14
2024-09-01,2024-09-30,TJB,48459.39
2024-10-01,2024-10-31,TJB,45263.11
2024-11-01,2024-11-30,TJB,40872.89
2024-12-01,2024-12-31,TJB,41108.4
2015-01-01,2015-01-31,UWP,313294.49
2015-02-01,2015-02-28,UWP,283525.89
2015-03-01,2015-03-31,UWP,319532.51
2015-04-01,2015-04-30,UWP,271120.19
2015-05-01,2015-05-31,UWP,198812.54
2015-06-01,2015-06-30,UWP,188372.84
2015-07-01,2015-07-31,UWP,197366.74
2015-08-01,2015-08-31,UWP,184389.84
2015-09-01,2015-09-30,UWP,259602.5
2015-10-01,2015-10-31,UWP,308914.07
2015-11-01,2015-11-30,UWP,312327.39
2015-12-01,2015-12-31,UWP,277970.19
2016-01-01,2016-01-31,UWP,294742.07
2016-02-01,2016-02-29,UWP,270280.76
2016-03-01,2016-03-31,UWP,293413.26
2016-04-01,2016-04-30,UWP,248733.42
2016-05-01,2016-05-31,UWP,205714.02
2016-06-01,2016-06-30,UWP,188405.41
2016-07-01,2016-07-31,UWP,197825.37
2016-08-01,2016-08-31,UWP,192601.88
2016-09-01,2016-09-30,UWP,289312.68
2016-10-01,2016-10-31,UWP,348018.18
2016-11-01,2016-11-30,UWP,388128.11
2016-12-01,2016-12-31,UWP,367506.47
2017-01-01,2017-01-31,UWP,366941.98
2017-02-01,2017-02-28,UWP,299776.5251
2017-03-01,2017-03-31,UWP,335893.429
2017-04-01,2017-04-30,UWP,305766.9677
2017-05-01,2017-05-31,UWP,274757.0857
2017-06-01,2017-06-30,UWP,252425.9871
2017-07-01,2017-07-31,UWP,340257.139
2017-08-01,2017-08-31,UWP,380450.3745
2017-09-01,2017-09-30,UWP,525610.2061
2017-10-01,2017-10-31,UWP,548136.3263
2017-11-01,2017-11-30,UWP,538180.1992
2017-12-01,2017-12-31,UWP,476560.4084
2018-01-01,2018-01-31,UWP,511140.4431
2018-02-01,2018-02-28,UWP,448656.2094
2018-03-01,2018-03-31,UWP,513928.958
2018-04-01,2018-04-30,UWP,457631.1532
2018-05-01,2018-05-31,UWP,433370.3102
2018-06-01,2018-06-30,UWP,426191.6703
2018-07-01,2018-07-31,UWP,486444.3165
2018-08-01,2018-08-31,UWP,428527.5445
2018-09-01,2018-09-30,UWP,544580.1153
2018-10-01,2018-10-31,UWP,539980.48
2018-11-01,2018-11-30,UWP,537024.4286
2018-12-01,2018-12-31,UWP,480157.5914
2019-01-01,2019-01-31,UWP,492584.9828
2019-02-01,2019-02-28,UWP,450033.1097
2019-03-01,2019-03-31,UWP,513928.958
2019-04-01,2019-04-30,UWP,452833.6885
2019-05-01,2019-05-31,UWP,405701.9822
2019-06-01,2019-06-30,UWP,401277.9019
2019-07-01,2019-07-31,UWP,460269.4957
2019-08-01,2019-08-31,UWP,403396.8318
2019-09-01,2019-09-30,UWP,484995.19
2019-10-01,2019-10-31,UWP,492414.12
2019-11-01,2019-11-30,UWP,508326.28
2019-12-01,2019-12-31,UWP,457743.16
2020-01-01,2020-01-31,UWP,470363.78
2020-02-01,2020-02-29,UWP,429341.1
2020-03-01,2020-03-31,UWP,424318.78
2020-04-01,2020-04-30,UWP,331454.94
2020-05-01,2020-05-31,UWP,300912.28
2020-06-01,2020-06-30,UWP,276836.8
2020-07-01,2020-07-31,UWP,321878.01
2020-08-01,2020-08-31,UWP,343854.34
2020-09-01,2020-09-30,UWP,438746.49
2020-10-01,2020-10-31,UWP,446227.21
2020-11-01,2020-11-30,UWP,444203.45
2020-12-01,2020-12-31,UWP,430522.7788
2021-01-01,2021-01-31,UWP,438948.476
2021-02-01,2021-02-28,UWP,400846.5427
2021-03-01,2021-03-31,UWP,477810.5265
2021-04-01,2021-04-30,UWP,391284.64
2021-05-01,2021-05-31,UWP,355344.185
2021-06-01,2021-06-30,UWP,375660.39
2021-07-01,2021-07-31,UWP,395084.4975
2021-08-01,2021-08-31,UWP,392128.5375
2021-09-01,2021-09-30,UWP,488737.935
2021-10-01,2021-10-31,UWP,508309.2525
2021-11-01,2021-11-30,UWP,505488.06
2021-12-01,2021-12-31,UWP,444596.1975
2022-01-01,2022-01-31,UWP,455369.24
2022-02-01,2022-02-28,UWP,443977.3
2022-03-01,2022-03-31,UWP,517362.06
2022-04-01,2022-04-30,UWP,451869.92
2022-05-01,2022-05-31,UWP,449767.45
2022-06-01,2022-06-30,UWP,461477.99
2022-07-01,2022-07-31,UWP,503780.5
2022-08-01,2022-08-31,UWP,429009.89
2022-09-01,2022-09-30,UWP,509025.67
2022-10-01,2022-10-31,UWP,499039.72
2022-11-01,2022-11-30,UWP,510038.15
2022-12-01,2022-12-31,UWP,477569.06
2023-01-01,2023-01-31,UWP,486364.57
2023-02-01,2023-02-28,UWP,443566.95
2023-03-01,2023-03-31,UWP,506261.57
2023-04-01,2023-04-30,UWP,446414.85
2023-05-01,2023-05-31,UWP,452150.28
2023-06-01,2023-06-30,UWP,457525.48
2023-07-01,2023-07-31,UWP,496050.44
2023-08-01,2023-08-31,UWP,437123.87
2023-09-01,2023-09-30,UWP,498395.15
2023-10-01,2023-10-31,UWP,493857.26
2023-11-01,2023-11-30,UWP,496613.78
2023-12-01,2023-12-31,UWP,449497.34
2024-01-01,2024-01-31,UWP,471757
2024-02-01,2024-02-29,UWP,432601.28
2024-03-01,2024-03-31,UWP,469372.34
2024-04-01,2024-04-30,UWP,420998
2024-05-01,2024-05-31,UWP,415809
2024-06-01,2024-06-30,UWP,440194
2024-07-01,2024-07-31,UWP,462068.19
2024-08-01,2024-08-31,UWP,407252.3
2024-09-01,2024-09-30,UWP,509625
2024-10-01,2024-10-31,UWP,482401.8
2024-11-01,2024-11-30,UWP,488081.7
2024-12-01,2024-12-31,UWP,447590
